date,latitude,longitude,temperature_c,dewpoint_c,pressure_hpa,wind_speed,humidity,precipitation_mm,rain_tomorrow
2024-01-01,28.5,77.25,10.236372500000018,7.857017916666689,1018.8815583333334,1.5062662274082577,86.10118853342139,0.0,0
2024-01-02,28.5,77.25,9.346615416666685,7.523360000000018,1018.2822666666666,1.5691809150139129,89.19745692973812,0.0,0
2024-01-03,28.5,77.25,10.005177500000025,8.254896250000025,1017.9701083333333,1.4143439499420607,89.50663496326109,0.0071525574000000005,0
2024-01-04,28.5,77.25,11.66133666666669,9.489934166666691,1018.0825729166667,1.6893947478764861,86.9513103942378,0.01335144042,0
2024-01-05,28.5,77.25,12.773289583333357,10.912514583333362,1018.5192458333335,1.3911650668690243,88.67194371862747,0.1907348627,0
2024-01-06,28.5,77.25,11.946017500000027,9.28197541666669,1019.8357312500001,1.445593010619941,84.36055123226986,0.015258789,0
2024-01-07,28.5,77.25,10.901318333333355,8.04730541666669,1020.3774750000001,1.3561884398059372,83.49160124766945,0.0009536743,0
2024-01-08,28.5,77.25,11.149920416666694,8.74962541666669,1020.2374,1.5526632281510073,85.96293738930997,0.0,0
2024-01-09,28.5,77.25,11.535956250000025,9.37672833333336,1020.5224729166666,2.5378193712775223,86.95679212076094,0.0,0
2024-01-10,28.5,77.25,10.25825041666669,7.072908750000027,1018.8435145833333,3.0253106132451815,81.57052110868358,0.0,0
2024-01-11,28.5,77.25,10.475657083333358,7.203257500000028,1019.44175,2.6099010684927104,81.73770845030185,0.0,0
2024-01-12,28.5,77.25,10.393320416666688,7.045199583333354,1018.1341729166667,2.367998322225708,81.73609104007048,0.0,0
2024-01-13,28.5,77.25,10.339977500000025,7.641750000000016,1017.4733083333334,1.5034795093807167,84.97445298237429,0.0009536743,0
2024-01-14,28.5,77.25,9.925922916666691,6.806123750000022,1017.6509395833333,2.0079109681978795,82.71990404769006,0.0,0
2024-01-15,28.5,77.25,9.194482083333353,5.948354583333351,1016.9188895833335,1.9262870701093353,82.68531449118619,0.0,0
2024-01-16,28.5,77.25,9.075682500000028,6.657880833333354,1014.9736083333333,1.6347928550909334,86.07407593197706,0.00238418576,0
2024-01-17,28.5,77.25,9.98239541666669,7.499427083333356,1015.65304375,2.4947173878608586,85.7261032993992,0.0,0
2024-01-18,28.5,77.25,10.148422500000025,8.299716666666685,1017.7079729166667,1.4702721281357738,89.12807134615566,0.0,0
2024-01-19,28.5,77.25,9.53621416666669,7.846001666666687,1019.3039062500001,1.7473522137617608,89.674376980324,0.0,0
2024-01-20,28.5,77.25,10.017042500000024,7.568442916666688,1019.48799375,1.4270002907735648,85.61806385515325,0.0333786009,0
2024-01-21,28.5,77.25,9.887021666666685,7.4042741666666885,1018.8039541666667,2.6761984187892485,85.45948622531967,0.0,0
2024-01-22,28.5,77.25,9.862650000000022,6.92399000000002,1019.8671895833332,1.576396118362134,83.34021116695003,0.0,0
2024-01-23,28.5,77.25,11.373670833333351,9.009320833333362,1018.0461937499999,1.3320105718662505,86.11124889000955,0.0,0
2024-01-24,28.5,77.25,11.086122916666687,8.824406666666691,1018.9872104166666,1.5288643806687308,86.75424307036286,0.0,0
2024-01-25,28.5,77.25,10.97094375000002,8.433463333333352,1020.761875,1.302208436556617,85.58523503929915,0.0,0
2024-01-26,28.5,77.25,11.912425416666691,8.390692500000023,1021.3124208333334,1.3195881620696832,81.15054228482909,0.0,0
2024-01-27,28.5,77.25,13.644009166666686,7.588375000000023,1018.7900291666666,3.0757261211508182,70.8804027369634,0.0,0
2024-01-28,28.5,77.25,13.146802083333355,10.416064583333357,1017.9422083333334,2.226278329596811,84.81880637040233,0.0,0
2024-01-29,28.5,77.25,14.65790500000002,11.582163333333357,1017.5379979166668,1.7496809721356132,83.51516527711891,0.0,0
2024-01-30,28.5,77.25,14.312918750000021,11.935645833333359,1016.8177125000001,1.3471901664001404,86.85279304451662,0.0,1
2024-01-31,28.5,77.25,14.804857083333353,13.547548333333358,1015.2360916666667,2.252379136731702,92.61391197751755,11.43026339,0
2024-02-01,28.5,77.25,15.482612500000023,13.980548333333351,1016.7968999999999,3.4058790703127797,91.45269835523855,0.8249282803,0
2024-02-02,28.5,77.25,13.757738750000025,11.001017083333359,1019.0452854166666,2.6883081820538557,84.61431027486715,0.03099441516,1
2024-02-03,28.5,77.25,15.806555833333357,9.485155000000022,1017.2715604166666,2.0679191235613126,68.0034422121805,1.1348724199999998,1
2024-02-04,28.5,77.25,16.33343208333336,14.741496250000024,1016.3416958333333,2.292352401593085,90.66201549630858,12.1512413125,0
2024-02-05,28.5,77.25,15.044592916666696,11.974041250000026,1018.1180250000001,2.378502385602868,82.99466157402445,0.24461746746,0
2024-02-06,28.5,77.25,13.26875000000002,8.209330000000023,1019.9391916666667,2.7901785844510356,73.84785630740747,0.0,0
2024-02-07,28.5,77.25,13.740705416666687,7.0885216666666935,1020.3008083333334,3.9217061196777743,65.90967362264938,0.0,0
2024-02-08,28.5,77.25,14.48970500000002,6.092328750000017,1017.96671875,4.780934206617771,59.79766030420978,0.0,0
2024-02-09,28.5,77.25,14.670088750000025,8.26123166666669,1019.7485416666667,2.3827325160797597,69.17151383979414,0.0,0
2024-02-10,28.5,77.25,14.763955833333355,8.895587500000017,1021.09734375,1.8930492407686546,71.11868448626637,0.0,0
2024-02-11,28.5,77.25,15.214958750000017,9.896397083333357,1020.4105958333333,2.141985197254036,74.29875768026578,0.0,0
2024-02-12,28.5,77.25,15.886881250000025,10.731984166666694,1019.3277583333333,1.3852721411580642,74.22286023732872,0.0,0
2024-02-13,28.5,77.25,16.15640500000002,11.106384583333353,1018.5024770833334,1.6323686347438324,74.48660691628064,0.0,0
2024-02-14,28.5,77.25,16.839076666666692,11.86622666666669,1018.45823125,2.2559240571919648,75.3057903784623,0.0,0
2024-02-15,28.5,77.25,16.47271041666669,10.97579000000002,1019.4570354166667,2.558792832541912,73.67273089737175,0.0,0
2024-02-16,28.5,77.25,16.15956375000002,9.101197500000021,1019.04245,2.4798069270724903,67.65056488895364,0.0,0
2024-02-17,28.5,77.25,16.497701666666693,9.193779166666692,1014.1447604166666,2.5186645132374506,66.09052213838648,0.0,0
2024-02-18,28.5,77.25,19.656394583333356,12.428656250000024,1011.9845833333334,2.8028826527636284,65.58418514490518,0.0,0
2024-02-19,28.5,77.25,20.371380416666693,14.66729041666669,1009.89885625,4.783135709633625,71.4163643095683,0.3299713057,0
2024-02-20,28.5,77.25,20.49404416666669,15.444052083333354,1010.0168270833333,1.9768202110087632,75.2550593214181,0.0,0
2024-02-21,28.5,77.25,18.72174750000002,11.968657500000015,1010.4737770833334,2.468675065879864,68.59076902592707,0.0095367431,0
2024-02-22,28.5,77.25,17.41628000000002,8.919761250000024,1013.9043270833334,2.562247786443819,60.889747889985976,0.0276565549,0
2024-02-23,28.5,77.25,16.242495833333354,6.146082500000027,1015.7781249999999,2.6295469126336584,54.788812411056746,0.0,0
2024-02-24,28.5,77.25,16.704832916666692,7.29198708333336,1016.52001875,1.6010483803062907,57.0721844928689,0.5021095258,0
2024-02-25,28.5,77.25,17.41188000000002,6.520672916666683,1018.3712458333333,2.2382404549900836,52.94221158064651,0.0,0
2024-02-26,28.5,77.25,18.370497916666686,8.581675833333355,1017.7076020833333,1.5988270656826398,56.38372927241809,0.08249283,0
2024-02-27,28.5,77.25,17.682983750000027,9.293340000000024,1017.6703291666666,2.829619220157209,60.55902030606694,0.29039383,0
2024-02-28,28.5,77.25,18.053916250000018,10.016501666666692,1015.3895604166668,3.3100663442755356,61.9690155896777,0.0,0
2024-02-29,28.5,77.25,19.01816958333336,11.231332500000022,1014.66301875,2.662073404552762,63.60794727952642,0.0,0
2024-03-01,28.5,77.25,21.245317916666696,13.493258333333353,1012.9980791666667,2.5584640852623304,63.17747840687053,0.9961128215,1
2024-03-02,28.5,77.25,19.75363125000002,17.08136958333336,1010.9113270833333,5.098212113931018,85.1946337848705,29.22630326556,1
2024-03-03,28.5,77.25,18.07133083333336,11.02734500000002,1012.5413604166666,2.0030404559861235,65.33746076772196,1.7776489743200001,0
2024-03-04,28.5,77.25,16.39012791666669,8.004403750000021,1016.9336729166666,2.7994799981162646,61.567988133291585,0.0019073486,0
2024-03-05,28.5,77.25,15.865251666666689,7.2150187500000245,1016.9162708333333,3.0213877331823866,58.28486748758194,0.008583068999999999,0
2024-03-06,28.5,77.25,16.42389833333336,8.307834583333353,1015.1460375,2.627146092951491,60.89260364697469,0.07724761940000001,0
2024-03-07,28.5,77.25,18.080923750000025,9.615767916666686,1014.963775,2.405330784916859,61.2360969183575,0.0,0
2024-03-08,28.5,77.25,18.683281666666687,10.400920416666688,1015.5838770833334,2.798753673211991,61.08367524920782,0.0,0
2024-03-09,28.5,77.25,18.59651500000002,9.862721666666692,1015.2631770833333,3.158207738287979,59.46950643013704,0.0,0
2024-03-10,28.5,77.25,20.339206666666687,11.592774166666688,1015.3665645833333,2.1595256512596968,59.42998690475098,0.311374666,0
2024-03-11,28.5,77.25,22.252638750000017,13.448207083333353,1015.4266979166667,2.0162238506210324,59.663126831771784,0.0,0
2024-03-12,28.5,77.25,21.551375833333356,14.106513333333359,1013.5670041666667,2.473948460283365,66.05728199040895,0.0,0
2024-03-13,28.5,77.25,21.55858958333336,14.230657916666686,1011.8427375,2.1496119154415387,66.14564349421023,0.0123977661,0
2024-03-14,28.5,77.25,22.025357500000013,12.851962083333355,1014.2469791666667,2.778037473668414,58.721753884544604,0.0,0
2024-03-15,28.5,77.25,20.137314166666687,9.172779583333357,1014.0198375,3.204863469329979,53.01785583192751,0.0,0
2024-03-16,28.5,77.25,20.241000000000025,10.337068750000022,1015.2601854166666,2.1846794724410734,56.368850361298676,0.0,0
2024-03-17,28.5,77.25,20.701627500000022,11.401604166666692,1014.6028124999999,2.3313533222955685,58.961178527221115,0.0,0
2024-03-18,28.5,77.25,21.45592041666669,11.639770833333353,1012.9298145833333,2.2576293806161627,57.376726278164234,0.0,0
2024-03-19,28.5,77.25,22.16192458333335,12.375805000000023,1012.7853875,2.269913443568709,57.87428272560166,0.0,0
2024-03-20,28.5,77.25,23.94013416666669,13.840338333333355,1012.6456020833333,2.436833489281001,56.985976943273414,0.0,0
2024-03-21,28.5,77.25,22.801768750000026,16.548476250000018,1012.43518125,3.182156329439507,69.42194134440486,0.0,0
2024-03-22,28.5,77.25,24.66117458333336,17.17178791666669,1008.5413875,2.244885561045392,65.70383094616163,0.0,0
2024-03-23,28.5,77.25,25.382444166666687,15.40570375000003,1007.9561291666668,2.799489128779671,57.92059535305227,0.0,0
2024-03-24,28.5,77.25,23.414283333333355,15.239362916666693,1011.2472729166667,3.261082380421048,62.668240429853796,0.0,0
2024-03-25,28.5,77.25,25.466123333333353,15.578084166666692,1011.4651875,3.0493722660237395,57.06121060806151,0.0,0
2024-03-26,28.5,77.25,26.513204166666686,16.069505833333356,1011.1757020833334,2.4316172982611683,55.742822452594886,0.0,0
2024-03-27,28.5,77.25,28.222239166666686,17.420293750000024,1012.0794479166666,2.042868551188895,54.32259260798176,0.0,0
2024-03-28,28.5,77.25,28.726382916666683,17.811994166666693,1009.1381708333333,2.163267360287472,54.524496602282944,0.0,0
2024-03-29,28.5,77.25,28.99558458333335,19.517052500000027,1008.5711458333334,2.2412279333833944,58.476165552899374,0.0,0
2024-03-30,28.5,77.25,28.04480500000002,18.92631916666669,1009.5799208333333,2.511568915568547,60.992102403012154,0.6618499739999999,0
2024-03-31,28.5,77.25,27.688439166666686,16.670684583333358,1010.2861166666667,3.6545014527321893,55.25750421689429,0.0,0
2024-04-01,28.5,77.25,25.016152083333356,12.025418750000027,1008.4282520833334,3.3827425329280696,47.56309330352962,0.0,0
2024-04-02,28.5,77.25,25.39174166666669,11.518664583333349,1007.5133354166666,3.0370235623584256,44.92206407916998,0.0,0
2024-04-03,28.5,77.25,27.88904666666669,12.574955000000019,1008.0492666666668,1.720032030252075,41.08457459384204,0.0,0
2024-04-04,28.5,77.25,28.43074500000003,13.24116791666669,1007.8224729166667,2.446198891855196,41.52014094569182,0.0,0
2024-04-05,28.5,77.25,28.112215416666686,11.925875416666686,1007.5987541666667,3.516117563105182,38.86187150075336,0.0,0
2024-04-06,28.5,77.25,27.05109375000002,9.987099166666688,1007.65111875,2.9380114196997886,36.80062017326242,0.0,0
2024-04-07,28.5,77.25,26.96981416666669,8.696291666666683,1007.6290416666667,2.7594451392034247,35.327314436400954,0.0,0
2024-04-08,28.5,77.25,28.176235000000023,9.848509166666688,1008.8417979166667,2.7033608805163465,34.33749606167802,0.0,0
2024-04-09,28.5,77.25,28.478637916666685,9.904249583333351,1009.2090333333334,2.098354165935385,34.1089102317544,0.0,0
2024-04-10,28.5,77.25,29.40821458333335,10.15073083333336,1009.1316125,1.9552699623445207,32.98721258971586,0.0438690186,0
2024-04-11,28.5,77.25,29.360042916666686,11.245082083333358,1010.15315,2.1210026563639968,34.6670421270902,0.0,0
2024-04-12,28.5,77.25,30.499768750000026,11.713575000000018,1009.11825625,2.4503187225354486,33.31778847146669,0.0,0
2024-04-13,28.5,77.25,29.446750416666692,14.295597500000023,1009.2957291666667,2.2276802819365775,41.359978620003155,0.0,0
2024-04-14,28.5,77.25,27.760999166666693,17.03869958333335,1011.0739270833333,3.0117841906449683,52.91518185210516,0.013828277600000001,0
2024-04-15,28.5,77.25,28.913278333333363,17.890794166666687,1010.4497375000001,2.1283722355266503,53.132295341400805,0.0228881835,0
2024-04-16,28.5,77.25,29.80579000000003,14.077990416666692,1009.0435958333333,4.09941700749677,39.93042686324862,0.0,0
2024-04-17,28.5,77.25,29.561945833333358,8.232255000000022,1007.98955625,4.392992730748211,28.63690490056805,0.0,0
2024-04-18,28.5,77.25,30.895711250000023,13.023227916666684,1005.8094041666667,3.1564050707048374,36.063808684985574,0.2765655485,0
2024-04-19,28.5,77.25,31.735662500000018,14.836960416666692,1003.6138625,2.9624715785484237,37.307251760293504,0.5068778945000001,0
2024-04-20,28.5,77.25,30.498116250000027,13.895003333333356,1003.8753395833334,3.3782975541002838,38.80315534218898,0.0,0
2024-04-21,28.5,77.25,30.67942666666669,13.743008750000023,1005.4520770833333,3.428824461290595,37.15755855884468,0.0,0
2024-04-22,28.5,77.25,30.578200416666686,12.773598333333362,1005.8407541666667,2.868587698477462,35.097715858635645,0.0071525574000000005,0
2024-04-23,28.5,77.25,28.754101666666696,13.32964250000002,1005.5389770833334,2.7608481764992345,41.61895646422886,0.0100135803,0
2024-04-24,28.5,77.25,30.067574583333364,13.07986916666669,1005.6832312500001,2.8019745140032586,38.2451953935029,0.0,0
2024-04-25,28.5,77.25,30.848854166666694,11.69457958333336,1005.2880979166666,3.119318358574677,33.556943786396126,0.0,0
2024-04-26,28.5,77.25,32.208467500000026,12.735505416666689,1004.0830645833333,2.7437785529446566,32.58132321401242,0.0,0
2024-04-27,28.5,77.25,31.59873208333336,13.456022916666688,1005.5364604166666,3.37281539294216,34.70231272268381,0.010013580000000001,0
2024-04-28,28.5,77.25,31.558114166666694,13.36676166666669,1006.0746375,2.2927735047029265,34.778394424787564,0.0,0
2024-04-29,28.5,77.25,30.861436250000025,14.461066250000025,1005.9088604166667,3.368139034730772,38.743928613782884,0.0,0
2024-04-30,28.5,77.25,29.833407916666687,8.341948750000023,1003.7754666666666,3.5592505572762607,28.70363450904324,0.0,0
2024-05-01,28.5,77.25,27.927945833333354,5.941888750000021,1003.6145083333334,4.498688363987447,26.538883762218962,0.0,0
2024-05-02,28.5,77.25,28.669430000000016,8.546893750000025,1004.2906729166666,3.3576308049708583,29.873130602952823,0.0,0
2024-05-03,28.5,77.25,31.34306833333336,9.390955000000021,1005.0181729166667,3.256018731907746,27.344499074073056,0.0,0
2024-05-04,28.5,77.25,32.71666458333335,10.631876250000019,1003.5500499999999,2.674409063156458,28.236444931307233,0.0,0
2024-05-05,28.5,77.25,34.120572083333364,11.92966208333336,1000.6504166666667,3.3708293060843992,27.7324144269342,0.0,0
2024-05-06,28.5,77.25,33.972584583333365,14.22823875000003,1002.9437291666667,2.958677364210074,31.827660866710175,0.0,0
2024-05-07,28.5,77.25,34.22030791666669,17.13649250000002,1004.7587229166667,2.3693009312152777,39.25412969892815,0.0,0
2024-05-08,28.5,77.25,32.47911250000002,20.609358333333358,1005.3592958333334,4.57492927870887,50.870725794429234,0.039100646999999995,0
2024-05-09,28.5,77.25,32.20968125000002,19.982455000000027,1004.8632333333334,3.920510128456258,49.77175788248249,0.0,0
2024-05-10,28.5,77.25,32.670504583333354,20.149928333333353,1006.1922645833333,3.3100309153663883,49.50957706599314,0.0,0
2024-05-11,28.5,77.25,32.02561958333336,19.31619791666669,1007.9518458333333,2.532489642169694,50.01211384335641,0.120162962,0
2024-05-12,28.5,77.25,33.12324833333336,18.667228750000024,1007.3829625,2.0526671319606202,44.47154295743395,0.33998490000000003,0
2024-05-13,28.5,77.25,32.934980833333356,16.608012500000022,1007.56281875,2.2226849272203926,39.840601397321464,0.07343292,0
2024-05-14,28.5,77.25,33.32168250000002,14.016277083333351,1007.5583354166666,2.865384357496517,33.17990179725722,0.0,0
2024-05-15,28.5,77.25,34.31795833333336,13.410631666666683,1007.4546604166667,2.4224267596462274,30.803899326075754,0.0,0
2024-05-16,28.5,77.25,35.31827000000002,15.123089583333352,1005.7534645833333,2.1221776507874055,32.333963237302875,0.0,0
2024-05-17,28.5,77.25,36.66407791666669,14.617403333333357,1002.8732520833333,2.2297884261097254,29.388376889574435,0.0,0
2024-05-18,28.5,77.25,37.66956833333335,14.416119166666691,999.9677312499999,3.7043671655028487,26.79181292683332,0.0,0
2024-05-19,28.5,77.25,37.648132500000024,14.387864166666695,998.8064604166666,3.412848426702379,26.73953047063715,0.0,0
2024-05-20,28.5,77.25,37.33883791666669,15.811785416666686,1000.2823145833332,3.4446234309072046,30.050101127893026,0.0,0
2024-05-21,28.5,77.25,36.079253333333355,20.685622500000022,1001.38296875,2.938823755206822,43.353936688903694,0.0,0
2024-05-22,28.5,77.25,36.45321500000002,22.577954166666697,1001.2297395833334,4.495554408340818,46.553224215329855,0.063896179,0
2024-05-23,28.5,77.25,35.92242375000003,22.097535833333353,1000.6460895833334,4.784595143027346,45.88954682777458,0.0,0
2024-05-24,28.5,77.25,36.005981250000026,21.98077541666669,1000.5602125,3.228397392746247,45.476043133135896,0.0,0
2024-05-25,28.5,77.25,37.077409583333356,19.46032458333336,998.3504208333334,2.4095304874479915,37.26242695899517,0.0,0
2024-05-26,28.5,77.25,37.89673458333335,16.74477791666669,996.1427583333334,2.6775698721217567,30.718499117984024,0.0,0
2024-05-27,28.5,77.25,37.26951625000002,17.43988375000002,993.5333375,2.4397061248729894,33.95651811633037,0.0,0
2024-05-28,28.5,77.25,38.26701500000002,13.816049583333353,992.2425791666666,2.8265687692744486,25.85847339150371,0.0,0
2024-05-29,28.5,77.25,38.79855041666669,17.328948333333358,994.03859375,2.5899353537791225,30.5671635501681,0.0,0
2024-05-30,28.5,77.25,38.404801666666685,15.026545833333357,997.0239333333334,3.233026424543168,27.367509972830273,0.0,0
2024-05-31,28.5,77.25,38.505751250000024,14.759571666666693,998.2557583333333,4.035887529799725,26.363780649065916,0.0,0
2024-06-01,28.5,77.25,37.459963333333356,16.084013333333356,1000.4613166666667,3.9785944679224072,29.027661673097736,0.1759529103,0
2024-06-02,28.5,77.25,36.37457166666669,18.470542916666687,1001.3576020833334,2.8042691819015286,36.34205028987218,0.0061988830000000005,0
2024-06-03,28.5,77.25,37.35334833333335,17.516120833333357,1000.2341687500001,3.4332995646878373,32.85303377767063,0.0,0
2024-06-04,28.5,77.25,37.32934625000002,16.502264166666688,1000.3560395833333,2.519535844046574,30.47191237233044,0.015258789,1
2024-06-05,28.5,77.25,36.05555083333335,19.02193375000002,1001.3636708333333,3.7105636799766413,39.5577516575175,1.170158409,0
2024-06-06,28.5,77.25,34.127373750000025,18.734799583333352,1003.7471395833333,2.0400262535916687,42.88598376076066,0.045776367,0
2024-06-07,28.5,77.25,35.67467125000002,18.71119291666669,1000.9708895833334,3.4415043975615327,38.1044120976116,0.3519058235,0
2024-06-08,28.5,77.25,34.87431000000003,17.77917666666669,1000.4225,3.5089877123246267,37.75797059583905,0.118255615,0
2024-06-09,28.5,77.25,35.67121375000002,14.347229583333354,1000.0214541666666,3.5607798369579555,29.588651451942464,0.0,0
2024-06-10,28.5,77.25,36.37062791666669,14.840352916666689,999.9952604166666,3.0958371027697695,29.23844478691535,0.0,0
2024-06-11,28.5,77.25,36.73339458333336,14.778068333333357,999.3223770833333,2.652972765821621,28.80976551067798,0.0,0
2024-06-12,28.5,77.25,37.58573958333335,14.575608750000027,999.0908833333333,3.753776142873493,27.00242033525311,0.0,0
2024-06-13,28.5,77.25,39.01394166666669,16.42034458333335,997.7662958333334,5.3257623021246685,27.633767150520185,0.0,0
2024-06-14,28.5,77.25,38.37288000000002,17.826357916666684,997.6903125,5.834760397338009,31.006875695844453,0.0,0
2024-06-15,28.5,77.25,39.07297333333335,17.96838875000003,997.5382333333333,4.911701565915552,30.14543098169804,0.0,0
2024-06-16,28.5,77.25,39.71513125000002,18.595140833333357,997.9749666666667,4.7933889478502,30.47549930382506,0.0,0
2024-06-17,28.5,77.25,40.284592500000024,20.663890416666693,997.6573958333333,4.964982618549267,33.30966036308992,0.0,0
2024-06-18,28.5,77.25,39.82262250000003,21.48591208333335,995.2909625000001,5.652756794879493,35.73005333276202,0.0,0
2024-06-19,28.5,77.25,37.26737750000003,21.894141666666695,994.1771895833334,4.008287205853789,42.69167894145955,0.7109642047,0
2024-06-20,28.5,77.25,33.684597500000024,23.128633750000024,997.3493208333333,2.2647649842070945,55.45500434309404,0.71620941,1
2024-06-21,28.5,77.25,31.438543333333353,23.961188333333354,998.8304729166666,2.5649993071166226,65.40843122752561,3.2873153949000002,0
2024-06-22,28.5,77.25,33.804417916666694,23.751974166666685,999.0933604166667,1.6881178638524519,57.00473877747155,0.01287460326,0
2024-06-23,28.5,77.25,34.46142500000003,25.488327916666687,999.0384375,1.956473210939303,60.3353759165704,0.42867660801999996,0
2024-06-24,28.5,77.25,32.57711500000002,25.30385875000003,998.16265625,2.3727022009430505,66.90633488038652,0.8306503315,1
2024-06-25,28.5,77.25,33.56401708333336,26.16561875000002,997.1204145833334,1.8555329472525488,66.06929487914722,3.8590430569,1
2024-06-26,28.5,77.25,31.302002500000018,27.038332916666686,998.61443125,3.630323064274329,78.56906792599108,15.67983598846,1
2024-06-27,28.5,77.25,29.40629208333336,26.494779583333354,1000.988725,3.731828130897543,84.68249649429706,15.717029451400002,1
2024-06-28,28.5,77.25,29.52675000000002,26.764979583333353,999.2226583333332,1.8242579949343247,85.46143242432571,8.19969177376,1
2024-06-29,28.5,77.25,29.73078625000002,27.39717416666669,998.2031791666667,2.1267469930415706,87.68408731495845,23.346424033999998,1
2024-06-30,28.5,77.25,31.735867083333357,27.80533250000002,996.9746416666667,1.2289506925894325,80.53214106534902,9.3851090113,1
2024-07-01,28.5,77.25,31.405716666666695,27.732876666666687,994.7465125,2.01339424529917,81.41994753833971,12.4707222155,1
2024-07-02,28.5,77.25,31.221211666666694,27.746318333333353,994.15910625,2.0987382886972035,82.18118570629703,12.56227496,1
2024-07-03,28.5,77.25,28.819442083333353,27.288429166666692,997.35518125,2.195880728860167,91.6730399226695,19.5674896163,1
2024-07-04,28.5,77.25,28.52769708333336,26.520557083333358,999.0112041666666,1.5743309399740355,89.20721479603627,8.26549533466,1
2024-07-05,28.5,77.25,28.54616416666669,26.999130833333357,995.7635437499999,2.3328742524484194,91.47311082192373,9.32121276276,1
2024-07-06,28.5,77.25,28.728258333333358,26.308981666666682,995.8231520833333,2.5554468749615498,87.0806502325488,1.08861923,0
2024-07-07,28.5,77.25,28.897163750000022,25.558890416666696,999.1562770833334,2.2989167382424474,82.70152644137018,0.19073486276,0
2024-07-08,28.5,77.25,29.312812500000025,26.198362083333354,1001.7671854166666,1.852146085426808,83.82705178340488,0.40292740346,1
2024-07-09,28.5,77.25,30.985000000000024,27.61928375000002,1002.1808041666667,1.3922063864290555,82.75760329746909,2.3584365917,1
2024-07-10,28.5,77.25,32.01707833333336,27.965992500000016,1001.3526020833333,1.3326112947385955,79.75003255649695,1.2030601611,0
2024-07-11,28.5,77.25,33.42446208333336,27.034746250000026,996.6052645833333,2.3811111506987057,70.1297458466524,0.5784034765,1
2024-07-12,28.5,77.25,31.724350000000026,25.79890250000003,996.61171875,2.59335451863301,71.70239244670981,1.5463828996,1
2024-07-13,28.5,77.25,30.66221875000002,26.77221750000002,997.0256020833334,1.3369369666892112,80.42621418194294,10.3068352033,1
2024-07-14,28.5,77.25,32.68144416666669,27.473897083333355,997.0326041666667,1.1686516192404468,75.0888129184397,7.7371596803000005,1
2024-07-15,28.5,77.25,31.51024750000002,27.721330833333354,999.68765625,2.6983902957706416,80.74570430852577,8.5978507739,1
2024-07-16,28.5,77.25,32.41857375000003,27.79950583333336,1000.0065875,2.7746339524304204,77.33569319397022,5.6204795818,0
2024-07-17,28.5,77.25,31.94036625000003,28.135674166666686,999.9443020833334,2.6234605456965623,80.68135330310643,0.32091140736,1
2024-07-18,28.5,77.25,31.171562916666698,28.37942750000002,998.4435687499999,1.8154932670867963,85.5010332631853,2.6264190672,1
2024-07-19,28.5,77.25,31.15067000000002,28.198443750000024,997.8294291666666,2.7831387322732457,84.69643468845,1.44100188496,0
2024-07-20,28.5,77.25,32.777072500000024,28.369234583333355,998.1939333333333,1.9472432423731962,78.37920283351477,0.5602836645,1
2024-07-21,28.5,77.25,32.541159166666695,28.36794875000002,998.1501583333334,2.933549761546537,79.17690942725186,1.3141632071,1
2024-07-22,28.5,77.25,31.590480000000028,28.039707916666686,998.4093187499999,2.4353914842277504,81.82540999920762,1.6589164856,1
2024-07-23,28.5,77.25,31.63665208333335,28.230815416666683,996.7293979166667,1.5467389269300809,82.60473883031203,1.1796951283000001,1
2024-07-24,28.5,77.25,30.744893750000028,27.66842250000002,993.8693979166666,0.9557985038694295,84.0008157412618,2.2506714012,1
2024-07-25,28.5,77.25,31.336416666666693,28.094437500000026,993.3718250000001,1.0329320198688559,83.42286615992658,3.3907890599,1
2024-07-26,28.5,77.25,31.41788250000002,28.033035833333354,995.2575354166667,1.4265564159335753,82.87267867492123,1.8053054816,1
2024-07-27,28.5,77.25,31.140887083333354,28.63437000000003,997.3222958333332,1.369035480058949,87.00729450563308,15.0451660894,1
2024-07-28,28.5,77.25,32.97063541666669,28.48397958333336,997.0633875,2.737587863875594,77.88458641575549,1.01232528716,0
2024-07-29,28.5,77.25,33.25610541666669,28.20551583333335,997.530675,3.1188242263993455,75.51085004218533,0.2465248148,0
2024-07-30,28.5,77.25,33.48169125000002,28.99266875000002,998.6776854166666,2.4631781458427517,77.94300966449104,0.6098747257,1
2024-07-31,28.5,77.25,31.173419583333356,28.077956250000017,998.6469229166668,2.9724920637705528,84.15662443355221,8.0809593443,1
2024-08-01,28.5,77.25,29.110444166666685,26.94705625000002,998.5508604166666,1.5067884829439453,88.5022951401171,2.4552345236,1
2024-08-02,28.5,77.25,30.23061250000002,27.421768333333358,997.1784854166667,2.851574339547144,85.38431939023474,1.8768310108,1
2024-08-03,28.5,77.25,30.95110041666669,26.889532916666695,999.6652125,3.701178506072258,79.62196449443441,2.6040077226,0
2024-08-04,28.5,77.25,31.03229625000002,25.92775500000003,1000.2953083333333,4.703282521567918,75.21545525141583,0.9512901333,1
2024-08-05,28.5,77.25,30.012305416666692,26.22253416666669,1000.27133125,5.0935599631210815,80.61041503184373,1.3346672178599999,0
2024-08-06,28.5,77.25,30.344275416666687,25.886314166666683,999.1057520833333,3.1248949179885686,77.51810811061492,0.34475326638,1
2024-08-07,28.5,77.25,27.75836750000002,26.501661250000023,1000.7953645833333,1.9715558026347224,93.00990832024534,8.3880424065,1
2024-08-08,28.5,77.25,28.56881750000002,27.147377916666684,1002.1090645833333,1.0701997527211737,92.25030449457374,5.1846504107,1
2024-08-09,28.5,77.25,29.160271666666688,27.249438750000024,1002.7323645833334,1.4977387813388618,89.78186049641188,9.135246167,1
2024-08-10,28.5,77.25,28.85640708333335,27.205035833333355,1001.7336729166667,1.4312855194761387,91.08017073162,18.329143445,1
2024-08-11,28.5,77.25,27.70484875000002,26.54604333333336,1001.0831770833333,1.4010941843190257,93.5387766333718,47.83773433,1
2024-08-12,28.5,77.25,28.283822916666693,26.82140625000002,1001.9241666666667,2.115239819892382,91.97418703430027,8.057117402,1
2024-08-13,28.5,77.25,29.273555833333358,27.340652083333357,1003.078725,2.092915013224551,89.67454490148452,20.4210279825,1
2024-08-14,28.5,77.25,29.94849666666669,27.525525416666692,1002.9149020833333,2.0411070454479803,87.2432421417238,7.4157714744,1
2024-08-15,28.5,77.25,29.661032916666688,27.55786208333335,1001.8242666666666,2.256195397031617,88.80414013594479,3.8270950616,1
2024-08-16,28.5,77.25,29.76946750000002,27.701722500000017,1001.724425,2.8519878211549146,88.87512076150433,11.3945005346,0
2024-08-17,28.5,77.25,30.9216216666667,27.156514583333358,1003.8009916666666,1.680319801448977,80.99703161183795,0.2393722562,1
2024-08-18,28.5,77.25,30.955007083333356,27.69306500000003,1004.4559895833332,2.1851882963425866,83.08734769385198,3.2663345533,1
2024-08-19,28.5,77.25,30.38082916666669,26.97483666666669,1003.3309916666667,2.3012675145026917,82.34517095614132,3.4766197391,1
2024-08-20,28.5,77.25,29.076922083333347,26.764816250000024,1004.1894541666667,1.236843073417093,87.6602069041666,22.6750371953,1
2024-08-21,28.5,77.25,30.35264458333336,27.10734041666669,1004.5161395833334,0.9345224797563444,83.42552876712506,3.62014773876,1
2024-08-22,28.5,77.25,30.41489833333336,27.31095000000002,1003.5003645833334,0.9954217868446795,84.062055483631,5.3133965133,1
2024-08-23,28.5,77.25,28.741173333333354,26.79368791666668,1004.5932020833334,0.799855452410586,89.44921072443623,10.255813484299999,1
2024-08-24,28.5,77.25,30.26915333333336,27.443360000000023,1003.0670291666667,1.821294929776217,85.34743660266027,9.5953940545,1
2024-08-25,28.5,77.25,30.820026666666696,26.617471250000023,1000.9027583333333,3.9615603448047008,78.72882544858398,1.461029061,1
2024-08-26,28.5,77.25,29.54002166666669,26.516221666666695,1001.81425,4.417176796257698,84.28365940744051,8.6421967244,1
2024-08-27,28.5,77.25,28.63674583333336,26.48959250000003,1003.9860333333332,3.8661713421267234,88.71088162421886,16.174316304,1
2024-08-28,28.5,77.25,28.223171250000018,26.412682916666682,1003.0712,2.6490723007168824,90.25358879743527,12.217044745,1
2024-08-29,28.5,77.25,28.199952083333354,26.271762500000023,1004.1100541666666,2.876663825060083,89.75179473829435,2.490043633,0
2024-08-30,28.5,77.25,30.443370416666692,27.066884166666693,1005.5356312499999,1.3346154792643619,82.78397519258539,0.8292198153,0
2024-08-31,28.5,77.25,31.184361250000023,27.065784583333357,1004.23109375,2.136306576294751,79.46660055994465,0.541210178,1
2024-09-01,28.5,77.25,31.010847500000022,27.33355833333336,1004.3697958333333,2.267080503759112,81.72255493877559,6.2241553703,1
2024-09-02,28.5,77.25,29.84866250000002,27.085807500000026,1005.2739270833334,2.8839071666756264,85.63898026253298,3.1213760919,1
2024-09-03,28.5,77.25,29.344145000000026,26.80775375000003,1005.3243729166667,2.0272856399358026,86.70231479459898,10.2162360866,1
2024-09-04,28.5,77.25,27.486055833333353,26.100554166666683,1002.8267125000001,1.1044840277469048,92.30294602562473,9.2730522499,1
2024-09-05,28.5,77.25,28.762115833333358,26.102490416666694,1001.5968729166666,0.9863619905182937,86.1664203949992,15.9969329928,1
2024-09-06,28.5,77.25,28.007325833333358,26.181373333333358,1003.6509895833333,2.3061716944323263,90.06389564859738,13.981819172,1
2024-09-07,28.5,77.25,27.714023750000024,26.33457750000002,1004.297525,1.2517367800189927,92.34847637939833,9.82427603,1
2024-09-08,28.5,77.25,28.588380416666695,26.644939583333358,1003.5088083333334,1.5990784596299747,89.42276765899084,4.120826672080001,1
2024-09-09,28.5,77.25,29.74602750000002,27.214170000000024,1001.4745833333333,1.4026248753685755,86.74688983686686,16.2401197845,1
2024-09-10,28.5,77.25,28.59978083333336,26.43888750000002,1001.4352354166667,1.3460884728107532,88.38177611089937,3.0508041371,1
2024-09-11,28.5,77.25,28.29245416666669,26.635897500000024,1000.5191625000001,2.5695921316001704,90.97819415263906,25.58660493,1
2024-09-12,28.5,77.25,25.300825416666687,24.353513333333357,999.6597395833334,4.708802096255115,94.5130097590864,155.5285441,1
2024-09-13,28.5,77.25,25.281480833333358,24.405390833333357,1001.2615104166666,2.291592002874925,94.91837450159363,18.5365676932,0
2024-09-14,28.5,77.25,27.77633333333336,24.716104583333358,1002.7583833333333,2.3858984385354804,83.83356530370759,0.39482116949999996,0
2024-09-15,28.5,77.25,28.42469750000002,24.566552500000018,1003.3990333333333,2.8161736543550586,80.0803239075795,0.637054437,0
2024-09-16,28.5,77.25,29.03245875000003,24.568583333333354,1005.0592958333333,3.121223771953772,77.7181524082663,0.067710876,0
2024-09-17,28.5,77.25,28.456427916666684,25.162778333333353,1005.7995354166666,1.5555796775414905,83.02779187851915,0.46730041946,1
2024-09-18,28.5,77.25,24.831585833333353,23.44595875000002,1004.9616895833333,3.953670814381111,92.10636625276975,27.635097532659998,1
2024-09-19,28.5,77.25,27.616325416666687,25.324962500000026,1004.8327833333333,2.1893680806393303,87.69849182711931,1.3246536247,0
2024-09-20,28.5,77.25,28.896132916666687,24.952334583333357,1005.3177395833333,1.6292997538871887,80.17863266118258,0.026226043520000002,0
2024-09-21,28.5,77.25,30.21049291666669,25.240658750000023,1006.1583333333333,1.1416612634492542,75.81897129393415,0.1382827741,0
2024-09-22,28.5,77.25,30.728882500000015,26.551780000000022,1005.30713125,1.5469498996188136,79.37246454156566,0.0782012941,0
2024-09-23,28.5,77.25,30.93391250000002,26.773014166666695,1004.9292104166666,1.600224371939664,79.54008287781139,0.0,0
2024-09-24,28.5,77.25,31.251138333333348,26.978572500000027,1003.6446875,1.0147923843593973,78.98828458909718,0.0,1
2024-09-25,28.5,77.25,30.02298625000002,27.029145416666694,1004.2935395833333,2.891661329596328,84.4305327372138,1.0247230442,1
2024-09-26,28.5,77.25,29.104496666666694,26.20093750000002,1004.2309604166667,2.700329795508616,84.82820955345592,1.53017042476,0
2024-09-27,28.5,77.25,27.889880833333354,24.553191250000022,1004.4572916666666,3.4177555327080977,82.60731527224625,0.13875961262,0
2024-09-28,28.5,77.25,27.303645000000017,24.54135916666669,1006.9528166666668,2.2925748841261577,85.38683341897807,0.06103515686,0
2024-09-29,28.5,77.25,28.40611416666668,25.07460791666669,1008.67505625,1.9025370869246407,82.9833239296431,0.0119209289,0
2024-09-30,28.5,77.25,29.253600833333362,25.42960750000002,1007.1026833333334,2.4488398994848173,81.01562456906854,0.0019073486,0
2024-10-01,28.5,77.25,29.801107916666695,25.839806250000024,1004.6615375,2.459932996208074,80.5046975375997,0.0,0
2024-10-02,28.5,77.25,29.97427916666669,25.36535833333336,1003.9147374999999,2.331877218580874,78.00903149151902,0.0,0
2024-10-03,28.5,77.25,29.800007916666686,23.354314166666686,1003.6200208333333,2.3618606700804965,70.26065839994824,0.0,0
2024-10-04,28.5,77.25,29.68188708333336,24.49645791666669,1005.0865625,2.269352717168189,75.29074624344844,0.0,0
2024-10-05,28.5,77.25,29.71604666666669,24.163740416666688,1007.6424499999999,2.607166493070388,73.09937191889829,0.07295608715999999,0
2024-10-06,28.5,77.25,28.8512041666667,23.35195583333336,1011.1405729166667,1.9143918205178307,73.92781765849747,0.058174134,0
2024-10-07,28.5,77.25,28.18605166666669,22.41428625000002,1012.65700625,1.809514660756246,72.76508163085444,0.0,0
2024-10-08,28.5,77.25,27.952505416666686,22.838594583333357,1011.69981875,1.3675456176575247,75.41873512699313,0.0009536743,0
2024-10-09,28.5,77.25,27.590940000000028,21.647085833333353,1009.929375,1.9941392644328702,71.94568948576189,0.0,0
2024-10-10,28.5,77.25,26.76801333333336,19.48705291666669,1009.3353916666666,2.459105180070257,66.67665778089285,0.0,0
2024-10-11,28.5,77.25,26.035915833333352,19.454105000000016,1009.4267375,2.4968881492968675,69.33583045013663,0.0,0
2024-10-12,28.5,77.25,26.545791666666688,19.86364166666669,1010.2209395833333,1.9716564097556049,69.52133527360768,0.0,0
2024-10-13,28.5,77.25,27.330463750000025,20.454900833333355,1011.0160104166666,1.4557164238663425,68.46606688176969,0.0,0
2024-10-14,28.5,77.25,26.687432500000018,18.715410416666685,1011.37796875,1.8721107148556781,64.05288994231039,0.0,0
2024-10-15,28.5,77.25,25.812270416666692,18.284795416666693,1010.1888708333332,2.3842065874366893,65.62250263330783,0.0,0
2024-10-16,28.5,77.25,26.590145833333356,19.346290000000018,1009.6031750000001,1.6919473550364443,67.62190724267639,0.0,0
2024-10-17,28.5,77.25,26.767270000000025,20.58129916666669,1009.8447375000001,1.680937219750537,71.69369159203758,0.0,0
2024-10-18,28.5,77.25,27.03639541666669,20.761317083333356,1009.84794375,1.7160802654786333,71.86954151682579,0.0,0
2024-10-19,28.5,77.25,27.20231041666669,21.19725125000002,1010.0502604166667,1.687769735029133,73.04060298102567,0.0,0
2024-10-20,28.5,77.25,27.144519166666687,21.816140416666684,1011.73176875,1.7615997135536778,75.12559003456296,0.00047683716000000004,0
2024-10-21,28.5,77.25,26.698743750000023,21.557638333333347,1011.9525541666667,1.72077661946415,75.07745776149723,0.0047683716,0
2024-10-22,28.5,77.25,25.927654166666695,21.120046666666692,1012.9689770833334,1.7575456415956603,76.86370906049474,0.0,0
2024-10-23,28.5,77.25,26.154583750000025,19.804634583333353,1012.1135125000001,2.753541477849257,69.78333797303459,0.0,0
2024-10-24,28.5,77.25,25.682742083333363,19.273370000000025,1010.7848749999999,2.740671240644153,69.81092184579883,0.0,0
2024-10-25,28.5,77.25,25.253351666666692,18.94410375000002,1010.25885,2.783408369064464,70.26962548580548,0.0,0
2024-10-26,28.5,77.25,25.304387083333364,19.414479166666684,1010.12115,2.4432139386971143,71.89976365276114,0.0,0
2024-10-27,28.5,77.25,25.578760000000027,21.22554500000003,1009.304275,1.8778131659501776,78.79273746586726,0.0,0
2024-10-28,28.5,77.25,25.931955416666693,21.353388750000025,1008.5280520833334,1.9301701588519216,77.67696188993959,0.0,0
2024-10-29,28.5,77.25,26.814574583333354,21.918661250000014,1008.6983583333334,1.5600476559737366,76.66192527081982,0.0,0
2024-10-30,28.5,77.25,26.987903750000015,21.36558958333336,1009.8821645833333,1.7515948837525146,73.78881695671633,0.0,0
2024-10-31,28.5,77.25,25.955168750000023,18.539082916666693,1011.0401916666666,2.96206199512716,65.60866073853504,0.0,0
2024-11-01,28.5,77.25,24.438890000000026,16.454032500000025,1012.3512979166667,2.5191010106796985,63.631512642723614,0.0,0
2024-11-02,28.5,77.25,24.062587916666683,16.945994583333356,1013.2461687499999,1.8337199641867,67.20732923816611,0.0,0
2024-11-03,28.5,77.25,23.67984125000002,17.057626666666696,1013.78565625,1.6562900579011615,68.46682212220448,0.0,0
2024-11-04,28.5,77.25,22.93344625000002,17.444796666666694,1012.7377333333334,1.9398275207638493,73.98736442982644,0.0,0
2024-11-05,28.5,77.25,23.38779583333336,18.51001916666669,1014.8478166666667,1.7948928538135773,76.2540710076197,0.0,0
2024-11-06,28.5,77.25,23.804175416666684,19.43935750000003,1014.5983854166667,1.528001056400144,78.5582097583708,0.0,0
2024-11-07,28.5,77.25,23.858553750000027,19.671284166666684,1013.9688041666667,1.53092617157511,79.27583336501276,0.0,0
2024-11-08,28.5,77.25,24.120384166666692,19.765943750000016,1013.7446812500001,1.562135956784503,78.21251142256287,0.0,0
2024-11-09,28.5,77.25,24.464635000000026,19.75194458333336,1013.9237479166667,2.061334293090162,76.36652877122627,0.026226043600000002,0
2024-11-10,28.5,77.25,24.53361375000002,19.967654166666687,1013.8956041666667,1.424261306320312,77.43036435929749,0.0,0
2024-11-11,28.5,77.25,23.889485833333357,19.677937916666693,1013.6561687499999,1.5842550899013828,79.09973992044272,0.0014305115,0
2024-11-12,28.5,77.25,23.607901250000015,18.389426250000025,1013.2725333333333,1.8629432925431892,74.96075425920444,0.0,0
2024-11-13,28.5,77.25,21.42810875000002,17.910656666666686,1013.2599770833334,2.0418233811998965,81.5343082457099,0.0,0
2024-11-14,28.5,77.25,21.269535833333354,17.54201041666668,1015.1193145833332,1.4272725450769348,81.02907536231116,0.0,0
2024-11-15,28.5,77.25,21.36813541666669,16.861784583333357,1013.9166916666667,1.986664885583157,78.15162445967519,0.0,0
2024-11-16,28.5,77.25,21.346303333333356,16.469078750000023,1012.9739020833334,2.0832136268725474,75.87805936156415,0.0,0
2024-11-17,28.5,77.25,20.168723750000023,16.462340000000022,1014.1469979166667,2.3390145624537264,80.38146938096479,0.044822693,0
2024-11-18,28.5,77.25,18.31598583333336,14.726547916666691,1015.8873166666667,2.43250141956096,80.83658319287582,0.0009536743,0
2024-11-19,28.5,77.25,17.723296250000022,12.789359166666685,1016.3777291666667,2.2483714536999773,75.03540204193408,0.0,0
2024-11-20,28.5,77.25,17.991213333333356,11.83364333333335,1015.33729375,1.8046048722302652,70.31993738573888,0.0,0
2024-11-21,28.5,77.25,18.075622083333354,11.716529583333354,1014.9129166666667,2.0011440991742364,69.46190216689509,0.0,0
2024-11-22,28.5,77.25,19.03991125000002,13.07086750000002,1014.6107791666667,1.2307575908851225,70.97177440866064,0.0,0
2024-11-23,28.5,77.25,19.066345416666692,13.091622083333357,1015.30666875,1.7861027205506768,71.57093210960137,0.0,0
2024-11-24,28.5,77.25,19.381166666666697,12.558680833333355,1014.8963562499999,2.573916580093227,67.81148129767486,0.0,0
2024-11-25,28.5,77.25,19.029173333333357,13.74098083333336,1015.04588125,2.661206950359398,73.43427498831089,0.0,0
2024-11-26,28.5,77.25,18.011037083333353,11.840451250000022,1014.9518229166666,2.3346690020212564,70.14000907764019,0.0,0
2024-11-27,28.5,77.25,17.84416375000002,11.604122916666684,1015.0188229166666,1.8122489150631733,69.72933972818684,0.0,0
2024-11-28,28.5,77.25,17.135064166666687,11.165245000000022,1016.7094458333332,1.6995336590194883,71.20102270620391,0.0,0
2024-11-29,28.5,77.25,17.106835000000025,11.840715416666688,1016.9304666666667,1.5761784384037767,74.6928948459353,0.0,0
2024-11-30,28.5,77.25,17.245582083333357,11.514149583333348,1014.7316895833333,2.066804824087351,71.93787859068527,0.0,0
2024-12-01,28.5,77.25,17.707618750000016,11.880086666666685,1013.0386145833332,1.851021259894866,71.42563485175886,0.0,0
2024-12-02,28.5,77.25,17.89264750000002,12.369828750000025,1014.0646645833334,2.086629508447605,73.36232518609778,0.0,0
2024-12-03,28.5,77.25,18.61695958333336,12.116820833333362,1015.5167375,2.523543185423711,68.41586601035415,0.0,0
2024-12-04,28.5,77.25,18.276871250000017,10.289170000000022,1014.6309687500001,3.40580032573722,61.80205779481057,0.0,0
2024-12-05,28.5,77.25,16.320250416666685,7.03616250000002,1014.4275291666667,2.8686853178766047,56.591285144881994,0.0,0
2024-12-06,28.5,77.25,15.594872083333362,8.32007125000002,1013.1555208333334,2.851302418041167,65.23096357305197,0.0,0
2024-12-07,28.5,77.25,15.032903333333353,7.9551504166666875,1013.4206437500001,1.723455163126199,66.10877782039977,0.0,1
2024-12-08,28.5,77.25,16.258885000000024,9.532732083333356,1012.6941166666667,2.9958054803267196,66.42555091467398,1.0786056548,0
2024-12-09,28.5,77.25,14.564520833333356,9.511638333333357,1016.5411979166666,1.8859416613020337,73.30982458150181,0.0,0
2024-12-10,28.5,77.25,13.612937500000022,5.216417083333352,1017.5619208333333,3.195959809653423,59.86816919428497,0.0,0
2024-12-11,28.5,77.25,12.68194833333336,3.160096666666687,1016.9640354166667,2.8521182131869303,56.240092005075574,0.0,0
2024-12-12,28.5,77.25,13.519006666666685,5.6908170833333545,1017.1988833333334,3.0275834876267784,62.11651701343347,0.0,0
2024-12-13,28.5,77.25,14.028796666666691,4.012333333333359,1017.6149520833333,4.167442533981955,53.767781372238126,0.0,0
2024-12-14,28.5,77.25,13.49260208333336,4.248262083333354,1018.1950229166667,3.087829095568757,56.4366149295545,0.0,0
2024-12-15,28.5,77.25,12.208150833333354,5.883475833333359,1019.4330479166666,2.127442114055525,69.3490497039051,0.0,0
2024-12-16,28.5,77.25,12.625090000000021,7.384417083333361,1017.2377041666667,1.8475146619225444,74.16733885500406,0.0,0
2024-12-17,28.5,77.25,13.397362916666692,8.694555416666683,1016.2790895833333,1.432519003742759,76.35738852653712,0.0,0
2024-12-18,28.5,77.25,12.81933750000002,8.408328333333351,1015.2939270833334,1.5708844239547606,77.03804883851039,0.0,0
2024-12-19,28.5,77.25,13.316715000000022,8.914526666666688,1015.8224208333332,2.366563022443175,77.42282097583846,0.0,0
2024-12-20,28.5,77.25,14.397862916666691,10.291863333333353,1015.1732583333334,1.8680241217968228,78.83782731967386,0.0,0
2024-12-21,28.5,77.25,13.963165416666692,9.462554583333352,1015.9034166666667,2.0587422235739066,77.48702862876415,0.0,0
2024-12-22,28.5,77.25,14.332837916666689,9.741542500000017,1015.3133104166667,1.6399330609998939,76.57433429629408,0.0,1
2024-12-23,28.5,77.25,13.854087500000022,10.469085833333358,1016.21164375,2.6760633355522203,81.03908182507425,3.6802292168,1
2024-12-24,28.5,77.25,15.242952500000023,11.480887916666687,1017.1959395833334,2.205251559664153,79.90037180746616,1.26934050396,0
2024-12-25,28.5,77.25,14.684045416666692,11.47042916666669,1019.1003104166666,1.9730382816264544,82.75502736514491,0.0,0
2024-12-26,28.5,77.25,15.898729166666692,11.772259166666688,1020.3614854166667,1.4761038168327083,78.49255061304576,0.0,1
2024-12-27,28.5,77.25,14.362028750000022,13.319672916666688,1018.9504687499999,3.119362040845852,93.56138201443811,28.31506736796,1
2024-12-28,28.5,77.25,15.126379583333355,14.55242333333336,1019.1401520833333,1.9911830164169702,96.38739468549916,4.23002240546,0
2024-12-29,28.5,77.25,13.37875750000003,12.169995000000023,1020.7434354166667,3.1648799736479076,92.6803052964671,0.008106231600000001,0
2024-12-30,28.5,77.25,12.204623333333359,10.863160833333355,1020.5269020833333,2.5455375146796833,91.77059177817807,0.0,0
2024-12-31,28.5,77.25,11.061754583333359,9.65348250000003,1021.3635166666667,1.3042103261345572,91.20729678154555,0.00858306866,0
2025-01-01,28.5,77.25,11.257243750000027,8.841180416666687,1019.0738541666666,2.2635374418415553,85.63716015184822,0.0095367429,0
2025-01-02,28.5,77.25,11.404068750000029,9.46717541666669,1018.5586458333333,2.505007692921963,88.64632848661465,0.0,0
2025-01-03,28.5,77.25,12.105066250000021,9.931298750000025,1017.6473666666667,1.9849013460593625,87.77054487472255,0.0,0
2025-01-04,28.5,77.25,12.454821666666689,10.966744166666688,1016.1748708333333,1.7141498196659348,91.44314512155329,0.00047683716000000004,0
2025-01-05,28.5,77.25,11.816436250000018,10.493930833333353,1016.2766145833334,2.594602414056626,92.23680743948329,0.01192092906,0
2025-01-06,28.5,77.25,12.948690416666686,11.146997500000024,1017.4524708333333,2.1121230090716057,89.1532989358954,0.42343139723999995,0
2025-01-07,28.5,77.25,12.339062083333358,10.595488333333359,1017.394375,3.181462553015878,89.43654122428809,0.0,0
2025-01-08,28.5,77.25,12.392255000000022,8.034729166666693,1016.1146583333333,3.096319181768079,76.88812625488855,0.0,0
2025-01-09,28.5,77.25,12.442381250000023,8.297963750000022,1018.7929166666667,1.707500012146193,78.1783470044805,0.0,0
2025-01-10,28.5,77.25,11.395223750000019,9.066507083333358,1019.91031875,2.034229415871477,86.47777334327994,0.0,1
2025-01-11,28.5,77.25,12.840785833333351,10.694168750000024,1018.4188791666667,2.728095736416306,87.37324502598837,5.5665969645199995,1
2025-01-12,28.5,77.25,13.15029625000002,12.085680000000018,1019.7711770833333,1.5731204141226056,93.54750147870818,1.607418034,0
2025-01-13,28.5,77.25,13.366952083333365,11.496523750000023,1018.2734645833334,2.9514607084894524,89.21704163900931,0.0,0
2025-01-14,28.5,77.25,12.691529583333361,10.263015000000017,1019.5051125,1.9104049200952424,86.55951834071222,0.0,1
2025-01-15,28.5,77.25,12.125331666666687,10.75859041666669,1020.1970312499999,1.9497079512852176,91.90580732080686,3.91483304246,0
2025-01-16,28.5,77.25,13.187520416666688,11.38162791666669,1021.6101291666668,1.4231308301659122,89.38844398130277,0.285148623,0
2025-01-17,28.5,77.25,12.413800416666689,10.377193750000018,1019.9178895833334,2.6182636969617787,88.24863997741217,0.0,0
2025-01-18,28.5,77.25,11.839488333333364,9.899946250000022,1018.4776395833334,1.4220334155660288,88.79365594977298,0.0,0
2025-01-19,28.5,77.25,15.89815500000003,13.194365833333356,1016.5527125,1.9251751580854455,85.5839969576989,0.0,0
2025-01-20,28.5,77.25,16.731391250000026,13.245727916666688,1014.8799729166667,3.2463366467878516,81.56789096174326,0.0,0
2025-01-21,28.5,77.25,15.979961250000025,10.978355416666687,1013.7893229166666,3.0328809812699404,74.44393898476902,0.0,0
2025-01-22,28.5,77.25,16.686283750000023,11.816540833333358,1013.7362479166667,1.8477653596676564,75.66424092998867,0.885009772,0
2025-01-23,28.5,77.25,16.175866250000016,10.527225000000023,1015.2431520833334,2.7955433284834528,71.51354904377332,0.02431869466,0
2025-01-24,28.5,77.25,15.452464166666688,8.233810833333356,1015.1907541666666,3.6125816692164485,64.42121449425098,0.0,0
2025-01-25,28.5,77.25,14.644509166666685,6.478269166666692,1014.797325,3.169001433212388,60.85911901557626,0.0,0
2025-01-26,28.5,77.25,13.541739583333353,7.066951666666689,1014.5791875,2.6875657649759557,68.39058689202183,0.0,0
2025-01-27,28.5,77.25,13.336032916666694,7.642894583333356,1012.9712708333333,2.4395490381572316,71.4152287167667,0.0,0
2025-01-28,28.5,77.25,14.596133333333357,8.31528291666669,1013.46244375,1.7726962970207263,69.52829219566391,0.0,0
2025-01-29,28.5,77.25,15.679868750000017,10.659818750000023,1014.05273125,2.6417873827008327,74.47994575965838,0.0,0
2025-01-30,28.5,77.25,16.539827916666688,12.787330833333357,1010.5058791666667,2.2810022945275694,80.60210128958063,0.0,0
2025-01-31,28.5,77.25,17.19404208333336,13.47727458333336,1011.1141958333333,1.5524553404620252,81.41487898056313,0.0,0
2025-02-01,28.5,77.25,17.74707583333336,14.527502500000024,1013.5453125,2.1429110856572433,83.25002083396585,0.36144256159999993,0
2025-02-02,28.5,77.25,16.52642708333336,12.140812083333357,1015.1391166666667,2.842913482493449,77.02995333871638,0.0009536743,0
2025-02-03,28.5,77.25,16.212000416666694,9.834804583333357,1014.6690395833334,2.06844666873771,68.95881679175592,0.28657914590000005,1
2025-02-04,28.5,77.25,16.95318041666669,13.33713125000002,1014.204925,1.787812041489176,80.2002754699243,2.2211075038000003,0
2025-02-05,28.5,77.25,15.88126333333336,9.040670416666691,1016.0655229166667,3.4341326774153713,66.62087106982493,0.0,0
2025-02-06,28.5,77.25,15.713738333333351,6.370960000000021,1017.1227854166667,4.487749422650251,56.384379662344394,0.0,0
2025-02-07,28.5,77.25,15.533572916666685,6.144497500000014,1016.27780625,4.306177182287169,55.59006699958127,0.0,0
2025-02-08,28.5,77.25,16.15438458333336,8.006569166666686,1015.2995583333333,3.198046543615671,61.35207961567064,0.0,0
2025-02-09,28.5,77.25,16.21608458333336,9.771205000000023,1013.9457270833333,2.3059259787218065,69.77365609843248,0.0,0
2025-02-10,28.5,77.25,17.25730833333336,11.07164291666669,1013.81349375,2.1148513865028113,71.34614099717705,0.0,0
2025-02-11,28.5,77.25,18.887258750000026,12.99397833333335,1012.7738833333333,1.8834957725072625,72.48649898272815,0.0,0
2025-02-12,28.5,77.25,18.406728750000017,9.320598750000029,1014.6657812499999,4.2281893972375055,57.937610214149146,0.0,0
2025-02-13,28.5,77.25,17.54291750000002,6.627408333333359,1014.4651770833334,4.712628699559274,51.00508760861705,0.0,0
2025-02-14,28.5,77.25,17.597802500000018,7.705510000000028,1012.2563,3.760416874519913,54.8753818930449,0.0,0
2025-02-15,28.5,77.25,18.142845000000023,10.367371250000025,1011.10865625,1.99826698965881,63.360540648077524,0.0,0
2025-02-16,28.5,77.25,18.722836666666684,12.490701666666686,1012.9751791666666,1.5272234065152717,70.42648494959984,0.0,0
2025-02-17,28.5,77.25,19.304010833333354,12.774829583333359,1015.1580749999999,1.6227201237344007,68.60380593699678,0.0,0
2025-02-18,28.5,77.25,18.629478333333356,11.737367500000024,1014.24549375,2.3201416389728466,67.23954652376523,0.053882599999999996,1
2025-02-19,28.5,77.25,19.623918333333354,11.911718333333353,1012.6795583333334,1.874430056919584,64.75833027924865,1.37424467,1
2025-02-20,28.5,77.25,19.04893708333336,14.480832916666687,1014.504875,4.049217073158178,76.02390665059674,5.4087637916,0
2025-02-21,28.5,77.25,18.892384583333357,14.008151250000024,1016.3668729166667,2.100080685524166,75.45158262145192,0.0,0
2025-02-22,28.5,77.25,17.684098750000025,12.47700750000003,1016.7709583333334,2.7899449423396248,73.5662510788973,0.0,0
2025-02-23,28.5,77.25,17.99756416666669,12.375261250000023,1017.50505625,2.283728055429477,72.57977900653394,0.0,0
2025-02-24,28.5,77.25,18.543275416666685,12.69283291666669,1018.3414083333333,2.2340226783416792,72.08855488866028,0.0,0
2025-02-25,28.5,77.25,19.896077083333356,13.918936666666688,1018.6576333333333,1.7065836392894937,71.65944141171981,0.004768371600000001,0
2025-02-26,28.5,77.25,22.371682916666686,16.72751083333335,1017.3685729166667,1.8516442101081927,72.55365645260947,0.03862381,0
2025-02-27,28.5,77.25,20.84974833333335,15.656819166666688,1014.4869229166667,3.5590860864965386,72.58398335722899,0.6856918403,1
2025-02-28,28.5,77.25,20.324349583333355,16.94386041666669,1011.9446041666666,3.495931028812205,81.59478395497057,9.9892616889,1
2025-03-01,28.5,77.25,20.70268416666669,17.63165708333336,1013.1445291666668,2.9067503569735536,83.26289309158255,4.6010017195,0
2025-03-02,28.5,77.25,18.83268916666669,11.410753750000026,1012.2003645833333,2.8291995638237477,65.62901573157954,0.0,0
2025-03-03,28.5,77.25,21.495594583333354,12.371221250000021,1010.8099187500001,1.9205814977513744,58.926936448666844,0.0,0
2025-03-04,28.5,77.25,19.689367916666694,10.696471666666689,1014.0983375000001,5.009574333207886,57.80605591768676,0.0,0
2025-03-05,28.5,77.25,18.120682083333357,5.620052500000026,1013.43674375,6.3674914438113435,45.79164903369236,0.0,0
2025-03-06,28.5,77.25,18.85981375000002,7.6648854166666895,1011.9270020833333,4.062626916623124,52.37276488915327,0.0,0
2025-03-07,28.5,77.25,19.702997083333354,10.687481250000024,1009.9914041666666,2.585150294497773,59.48897022143213,0.0,0
2025-03-08,28.5,77.25,22.009845000000023,11.841676666666688,1009.0832999999999,2.5633784562488637,55.88192795799467,0.0,0
2025-03-09,28.5,77.25,23.387142916666686,13.791639166666686,1012.8222916666667,2.45610111069857,57.48067322785558,0.0,0
2025-03-10,28.5,77.25,23.69231083333335,15.439470000000021,1015.1999166666666,2.894013294619714,62.55514721458775,0.0,0
2025-03-11,28.5,77.25,24.832139583333348,17.44548166666669,1012.2328916666667,1.766778322966038,66.55397465733977,0.0,0
2025-03-12,28.5,77.25,24.75065416666669,16.54226041666669,1008.3038583333333,2.870841899961491,63.50515204725445,0.057220458599999996,1
2025-03-13,28.5,77.25,24.578634583333354,17.597776666666693,1007.2336208333332,1.6052637954309603,68.62902368958784,5.20467759016,1
2025-03-14,28.5,77.25,24.95811125000002,16.935547083333354,1009.0094270833333,2.2309635046394414,63.859331481647416,1.7600059767,0
2025-03-15,28.5,77.25,24.313218333333356,15.692660833333356,1010.6314854166667,3.703347215819663,60.964345487140854,0.039577483999999996,0
2025-03-16,28.5,77.25,23.752481250000027,14.209864583333358,1011.4417770833334,2.7061395259638155,57.53627512887491,0.043869018999999995,0
2025-03-17,28.5,77.25,22.283972500000022,13.36719583333336,1012.8846916666666,3.0275242729413177,59.35154678346293,0.0,0
2025-03-18,28.5,77.25,22.338415833333354,12.745366250000023,1012.3661458333332,2.6343288948568895,57.30124218408155,0.0,0
2025-03-19,28.5,77.25,23.84159791666669,12.668493750000025,1013.3774270833334,2.713271443557378,53.57153816308275,0.0,0
2025-03-20,28.5,77.25,24.620687500000027,12.378597500000025,1013.9700020833334,2.507818977059158,50.55023606483926,0.0,0
2025-03-21,28.5,77.25,24.145980416666692,11.743655000000023,1013.1686249999999,3.1969362778349235,48.77700125165578,0.0,0
2025-03-22,28.5,77.25,24.035740833333353,12.195409166666686,1012.8237229166666,2.2854961866681838,50.46619261659428,0.07486343399999999,0
2025-03-23,28.5,77.25,24.78052000000002,12.962067916666692,1014.2053916666667,1.6519249275412742,51.00223754382407,0.0,0
2025-03-24,28.5,77.25,25.36651541666669,13.51155541666669,1012.8991916666668,2.2526584197601727,52.36570749838915,0.0,0
2025-03-25,28.5,77.25,27.23518125000002,14.421154166666687,1008.3451812499999,2.0039198745034117,49.364320054406654,0.0,0
2025-03-26,28.5,77.25,28.841433333333367,14.892356666666686,1006.1041166666668,2.0899017025708404,47.05359972169654,0.0,0
2025-03-27,28.5,77.25,28.303927916666684,13.93101416666669,1005.9651020833334,3.1587506797163982,43.844033648025,0.0,0
2025-03-28,28.5,77.25,24.518924166666693,7.137125000000023,1009.7283541666667,4.848555864947152,34.60997389710099,0.0,0
2025-03-29,28.5,77.25,22.77403416666669,4.933368333333351,1009.6955145833334,4.746371188553451,33.12703672856924,0.0,0
2025-03-30,28.5,77.25,23.74825500000003,6.352760833333359,1010.4141666666666,3.483805272562668,35.407462539826156,0.0,0
2025-03-31,28.5,77.25,25.569568333333365,7.220410000000022,1009.9157375,3.173565390951788,33.758490897545585,0.0,0
2025-04-01,28.5,77.25,25.384770416666697,7.3183287500000205,1009.3962729166666,3.1949199814589258,35.34947575064093,0.0,0
2025-04-02,28.5,77.25,26.457709583333365,9.49970291666669,1010.2477291666668,2.78608563761405,38.77220070143364,0.0,0
2025-04-03,28.5,77.25,28.240560416666682,9.504653750000024,1010.5956520833333,1.704981128475815,35.12038142594594,0.0,0
2025-04-04,28.5,77.25,28.92311541666669,10.752172500000022,1009.7937729166666,2.710047728261671,34.862453220945234,0.0,0
2025-04-05,28.5,77.25,27.9336079166667,11.220935000000026,1007.7179895833333,3.0816529830218755,37.77222595204608,0.0,0
2025-04-06,28.5,77.25,29.711532500000022,12.749775833333358,1006.5962,2.3207353020924537,38.08876072728756,0.0,0
2025-04-07,28.5,77.25,31.348235000000027,14.394096666666691,1007.8750291666666,2.2624338214807094,37.8470674134772,0.0,0
2025-04-08,28.5,77.25,32.242897083333354,16.576630833333354,1009.6646666666667,3.1784195362843097,41.11564575926991,0.0,1
2025-04-09,28.5,77.25,32.63508375000002,18.557009166666692,1006.3359104166666,2.426414532261335,45.10545918611234,1.8954277215,1
2025-04-10,28.5,77.25,30.444791666666692,18.827637083333354,1002.481925,3.054544083937785,53.204883658527585,2.3417472349999997,1
2025-04-11,28.5,77.25,26.870701250000025,18.344941666666692,1003.5261458333333,4.091852514058694,61.12764313988341,1.2059211740000002,0
2025-04-12,28.5,77.25,27.601105416666687,17.221965833333353,1006.7297604166666,2.043056584018719,55.598742963723815,0.9365081845,0
2025-04-13,28.5,77.25,29.23791916666669,17.06077500000002,1007.8179645833334,1.6733214323569612,50.02151958982958,0.0,0
2025-04-14,28.5,77.25,30.373245833333357,16.258435833333355,1008.0506729166667,2.834517112557131,44.47145426270072,0.0,0
2025-04-15,28.5,77.25,31.287317083333352,16.881170000000022,1007.9139041666667,2.390286713222975,43.224270956196044,0.0,0
2025-04-16,28.5,77.25,31.985577500000023,17.797545000000024,1006.1369291666666,2.4039318014739575,44.12922427564879,0.0,0
2025-04-17,28.5,77.25,32.55949916666669,17.098015416666687,1003.4316937499999,2.590019157747277,42.32439387629095,0.0,1
2025-04-18,28.5,77.25,32.58535958333335,19.190662500000023,1002.2349541666667,3.354479996179144,47.49392080059312,2.3093223149999997,0
2025-04-19,28.5,77.25,32.251201666666695,19.870481666666688,1002.8023979166668,4.581413087993814,50.49920676894308,0.00047683716000000004,0
2025-04-20,28.5,77.25,33.26026541666669,20.522647083333357,1003.4155520833333,2.8932501256821017,50.40214217331765,0.0,0
2025-04-21,28.5,77.25,32.483247500000026,12.055957916666687,1006.36400625,2.5623763304429326,32.35774305150948,0.0,0
2025-04-22,28.5,77.25,31.84302875000002,5.899176250000018,1007.0756729166666,3.270664620281662,21.441744992975575,0.0,0
2025-04-23,28.5,77.25,31.654752083333353,6.977773750000023,1004.2186229166667,3.3246346658489485,23.306942408017104,0.0,0
2025-04-24,28.5,77.25,32.35952125000002,8.619442083333361,1002.6270291666666,2.639916021307393,26.46113961687479,0.0,0
2025-04-25,28.5,77.25,32.88721041666669,8.91038541666669,1003.331925,2.6133529203344885,26.055407017428063,0.0,0
2025-04-26,28.5,77.25,34.13653541666668,9.176379166666685,1003.4539604166666,2.4283357000999897,23.557220054110417,0.0047683716,0
2025-04-27,28.5,77.25,33.649178750000026,10.696135000000021,1004.6070062499999,1.9652466018202823,26.536490845592457,0.046253203,0
2025-04-28,28.5,77.25,33.152160833333355,14.227218333333356,1003.3430395833334,3.863780954121299,34.264194806756166,0.0,0
2025-04-29,28.5,77.25,31.491075000000013,16.83353125000002,1004.9478666666668,3.733560008137442,42.9064218111067,0.0,0
2025-04-30,28.5,77.25,32.43972041666669,18.81826666666669,1006.3942416666667,4.039726083243351,45.73777740891831,0.0,0
2025-05-01,28.5,77.25,32.728708333333365,19.03294000000002,1007.2221854166665,4.340878339726269,46.0152679912332,0.0,0
2025-05-02,28.5,77.25,27.11059833333336,19.070505416666688,1008.5684645833334,3.0067771651810458,63.03027168333089,0.2050399773,1
2025-05-03,28.5,77.25,29.906382083333355,19.5633866666667,1004.6482583333333,2.0393159886988506,56.49416453543255,2.3837089726,1
2025-05-04,28.5,77.25,29.09703708333336,19.83484375000002,1004.1732854166667,2.889687096408146,60.00317825992317,7.6208114252,0
2025-05-05,28.5,77.25,26.86891666666669,19.46462083333335,1005.6884395833334,3.0219077736064226,65.18733682556156,0.69856644036,1
2025-05-06,28.5,77.25,28.994362916666688,19.825434583333355,1005.1859395833334,2.864257458482419,59.80338524299601,3.5996436645000003,1
2025-05-07,28.5,77.25,28.801040000000018,21.12495125000002,1004.4127041666667,3.114710231553683,64.77249427367893,1.8019676196,0
2025-05-08,28.5,77.25,29.82262166666669,21.334145833333356,1004.7807583333333,2.5672220438130915,61.8705477140968,0.70667266716,1
2025-05-09,28.5,77.25,30.680520416666685,21.250547500000025,1005.8759145833333,1.9776594594710357,58.68025273032689,1.0132789733,1
2025-05-10,28.5,77.25,30.461985416666693,22.487097500000015,1005.2897666666667,1.2475729305904977,64.45014154283095,1.4276504585000003,0
2025-05-11,28.5,77.25,32.16441833333335,19.743658333333354,1003.74531875,2.3564115449121856,50.2435714868164,0.15258788960000003,0
2025-05-12,28.5,77.25,32.77158500000002,18.332573333333357,1002.5780979166666,3.0269417532995533,44.10755790700623,0.06914138776,0
2025-05-13,28.5,77.25,32.671714583333355,18.395703750000028,1002.8058312500001,3.1683389535835436,44.1979032565817,0.251293184,0
2025-05-14,28.5,77.25,34.000985416666694,17.57760500000002,1002.9015312500001,2.5676120452908235,39.14194477216326,0.0,0
2025-05-15,28.5,77.25,34.66167000000002,16.366097916666693,1002.2487520833333,2.4508811983503094,35.468282778698054,0.0,0
2025-05-16,28.5,77.25,34.88467250000003,17.12687541666668,1001.3127875,3.395147066418664,36.49686277198837,0.0,0
2025-05-17,28.5,77.25,35.08167166666669,18.20002250000002,1001.0223666666667,3.11532787348771,38.340119213215914,0.038146972300000005,0
2025-05-18,28.5,77.25,35.604062916666685,20.46210166666669,1001.1092937500001,3.1310980892460325,43.518227504005345,0.0009536743,0
2025-05-19,28.5,77.25,35.61870583333336,23.257522500000025,1001.1340895833333,3.2127610276483956,50.9745656954436,0.0,0
2025-05-20,28.5,77.25,36.42705875000002,23.58893708333336,999.0195625,2.9225863993686065,50.45152901986781,0.0,0
2025-05-21,28.5,77.25,33.25433416666669,22.944340416666687,1000.1655208333333,3.8132498860704183,58.12257614474101,0.1401901218,0
2025-05-22,28.5,77.25,30.904263750000023,21.77879916666669,1001.7179645833334,4.422779247714713,59.260451262306255,0.0209808346,0
2025-05-23,28.5,77.25,33.12284500000002,22.670927916666688,999.32931875,4.1860081189572815,55.41925050841045,0.0,0
2025-05-24,28.5,77.25,33.049834166666685,23.222476250000028,1000.2058874999999,5.237323839309082,57.957609971778965,0.2269744889,1
2025-05-25,28.5,77.25,28.346237083333364,23.79539541666669,1003.3731729166666,3.523376570748726,77.80306571984302,9.360313442959999,0
2025-05-26,28.5,77.25,30.291771666666694,24.403039166666687,1001.3360708333333,2.771157308536582,71.84887893461382,0.5536079373,0
2025-05-27,28.5,77.25,32.551979583333356,24.521866250000027,998.7020062500001,2.3400856618499515,63.86680579768254,0.12159347756,0
2025-05-28,28.5,77.25,34.013636250000026,24.639940000000024,997.0427583333334,1.7382291443801705,59.51096288494552,0.00047683716000000004,1
2025-05-29,28.5,77.25,33.50642750000002,24.04183708333336,995.2293270833334,1.6286274401278338,58.82481546854922,1.811981174,1
2025-05-30,28.5,77.25,30.590505833333353,21.810244166666692,995.7201791666666,2.3697969350033623,60.78513221920306,1.6541481356599999,0
2025-05-31,28.5,77.25,32.61790750000002,20.37207791666669,997.5487208333334,1.7308669819632803,49.64293504121526,0.04911422686,1
2025-06-01,28.5,77.25,30.48966291666669,21.614155000000025,998.2017999999999,3.4613180516959683,60.562131241116845,3.4098624735999996,1
2025-06-02,28.5,77.25,29.909029583333353,20.574870000000022,998.8943770833333,1.8933721270448076,58.58181767529239,1.6059875433600002,1
2025-06-03,28.5,77.25,28.897238750000025,20.202253333333353,1001.6292229166667,1.9643122722826878,60.77659587407342,1.7614364868,1
2025-06-04,28.5,77.25,27.736678333333355,20.41750750000002,1004.4133020833333,2.371162126282407,65.74302593544779,5.6920052355,0
2025-06-05,28.5,77.25,29.92735708333336,20.85134791666669,1006.6242208333333,1.3063299021709722,59.94516053735112,0.3919601451,0
2025-06-06,28.5,77.25,32.219065416666695,22.056674583333365,1004.9171124999999,1.5885745900366643,56.839444003459,0.0009536743,0
2025-06-07,28.5,77.25,34.25540083333336,22.206801666666692,1003.0506999999999,1.8387933049877943,51.40731924746617,0.0,0
2025-06-08,28.5,77.25,35.85686750000002,22.72184875000002,1000.8726333333334,2.2208907920410037,48.842590736305475,0.0,0
2025-06-09,28.5,77.25,36.5381379166667,20.86251875000002,999.1495562499999,2.976141210873998,42.01299417044614,0.0,0
2025-06-10,28.5,77.25,36.44993583333336,18.25725458333336,998.8425770833333,3.4271567014906754,36.58153453636235,0.0,0
2025-06-11,28.5,77.25,36.89480833333335,21.54824833333335,999.38275625,3.0945444195353016,43.6062923146246,0.0,0
2025-06-12,28.5,77.25,37.54011583333336,24.017435000000024,999.1989854166667,2.569187147061396,47.53766069399538,0.0,0
2025-06-13,28.5,77.25,34.93611666666669,25.31907958333336,1000.13159375,3.7024797621459586,58.396839480656276,0.114917755,0
2025-06-14,28.5,77.25,36.38980750000002,24.71005625000002,997.6331541666667,2.32057209483177,52.61817749359013,0.030517578,1
2025-06-15,28.5,77.25,31.97014375000002,24.827050833333356,997.70854375,2.7006376122349427,66.48548019225855,3.5653114055999997,1
2025-06-16,28.5,77.25,30.747555000000023,25.406340416666694,998.50595625,3.011552558817004,73.91740743747987,18.0191993589,1
2025-06-17,28.5,77.25,29.37304125000003,26.08415000000002,998.7575979166667,1.9809192494380907,83.27785849825692,23.2748987703,1
2025-06-18,28.5,77.25,30.302417083333353,25.73534000000002,996.91755625,1.9820817911113613,77.48774962515189,8.35704796576,1
2025-06-19,28.5,77.25,30.519807083333358,26.220926666666685,996.5515937499999,2.3514963577827497,78.16483803211612,10.88619228932,0
2025-06-20,28.5,77.25,29.725672083333354,26.53024000000002,999.18585625,3.0462213934306948,83.25728745898716,0.68616867006,1
2025-06-21,28.5,77.25,31.697395000000018,27.102402083333356,999.1954958333334,1.7085898894662552,77.3693676897956,1.3942718511,0
2025-06-22,28.5,77.25,31.538728333333363,27.002517083333355,998.2054479166667,1.558432030895449,77.41251912370382,0.46682357766,1
2025-06-23,28.5,77.25,31.16971833333336,27.00370666666669,996.1306270833334,1.5645823429669885,78.87842628716247,3.55005260072,1
2025-06-24,28.5,77.25,31.618568333333354,27.586287083333357,996.1884416666667,1.962190119965401,79.60345795488485,1.9989013326,1
2025-06-25,28.5,77.25,30.768507500000027,27.598924166666695,999.4158791666667,3.2934804397855735,83.44169315072075,2.7127266222,0
2025-06-26,28.5,77.25,32.30494458333336,26.78822875000002,1000.18375625,3.5829958060489706,73.25577202669369,0.49018860436,1
2025-06-27,28.5,77.25,32.65117958333335,26.789377083333363,999.4840395833334,2.8278312246497133,72.28057781761002,2.8038024411,1
2025-06-28,28.5,77.25,30.59842791666669,26.902325416666695,997.6177604166668,2.057613974525788,81.54606557087531,9.134292713899999,1
2025-06-29,28.5,77.25,28.953723750000023,26.378940416666694,996.1485208333334,2.4117768842807417,86.31196238926005,3.55863568092,1
2025-06-30,28.5,77.25,28.35021708333336,26.518814166666687,997.7794250000001,1.7198138526963938,90.1355796162186,10.5462075208,0
2025-07-01,28.5,77.25,29.591826250000015,26.17650291666668,998.6278354166666,1.8212440670590933,82.6204557753163,0.77676773296,1
2025-07-02,28.5,77.25,30.886240833333364,26.990067083333354,998.2948229166667,2.6453708831405964,80.14698417837701,5.4736137674,1
2025-07-03,28.5,77.25,31.478317083333355,26.887090416666684,998.9406479166668,2.37872561695121,77.20270364394158,2.1119117453,1
2025-07-04,28.5,77.25,31.079254166666686,27.445671666666687,998.7304458333333,1.4502680504862078,81.53689948123777,6.2341692342999995,1
2025-07-05,28.5,77.25,31.262196666666693,27.18541250000003,997.7077145833333,1.1054519999246175,79.49971966378148,6.04104995996,1
2025-07-06,28.5,77.25,30.298740000000024,27.304850833333358,997.4018708333333,1.4908587407980025,84.31965465026717,10.63680646722,1
2025-07-07,28.5,77.25,29.387825416666697,26.26482291666669,998.8041166666667,1.2185931927556488,83.72954977100578,6.5617560590999995,1
2025-07-08,28.5,77.25,31.497434166666693,26.918670416666686,998.4728125,1.7969199229089672,77.51457406029404,3.9958953586,1
2025-07-09,28.5,77.25,29.436971666666693,26.27956958333336,1000.3719270833334,1.6358385380219185,84.19263311800002,34.8310470626,1
2025-07-10,28.5,77.25,27.157773750000022,25.91039708333336,1002.283175,1.4454512537414803,93.01585145140263,23.2214929025,1
2025-07-11,28.5,77.25,29.27091791666669,26.382783750000026,1001.1767958333334,0.909948570534365,84.85122294679645,12.2947692097,1
2025-07-12,28.5,77.25,29.774510833333363,26.640157500000026,1001.0967208333333,1.0887812346511492,83.80400641823606,3.98111342496,1
2025-07-13,28.5,77.25,29.150371250000024,26.181425416666684,1000.4984041666667,2.9792660656434324,84.46936118640328,29.9797060528,1
2025-07-14,28.5,77.25,28.463230833333352,25.86803500000002,998.6687020833333,5.4931244155155134,86.21066646864244,6.8645478359,1
2025-07-15,28.5,77.25,29.31607875000002,25.886320000000023,998.7932791666667,4.6096389178655475,82.2952601176322,2.6798248329,1
2025-07-16,28.5,77.25,29.38859500000002,26.57131958333336,1000.5747916666668,2.7271999755995853,85.18952906692438,5.68580622576,1
2025-07-17,28.5,77.25,28.264299583333354,26.22260500000002,1002.3280312500001,2.448619322379519,88.9147376660087,6.53791429262,1
2025-07-18,28.5,77.25,29.661044583333354,25.488828333333355,999.8718229166667,5.853083907447925,78.65741983156978,1.46532059286,0
2025-07-19,28.5,77.25,29.922413750000022,25.135481250000023,998.4112541666667,3.6876170136113284,75.98944741889024,0.1950263955,0
2025-07-20,28.5,77.25,30.88203583333335,25.354524583333358,998.6910666666666,2.2582269554351937,72.90075159807319,0.02288818356,1
2025-07-21,28.5,77.25,29.16953833333336,26.552207083333354,1001.3897104166667,1.6913885723396067,85.93756603651597,3.2668113599,1
2025-07-22,28.5,77.25,29.837290000000024,26.58429166666669,998.99671875,1.7347618626643555,82.8708444742853,4.65011599802,1
2025-07-23,28.5,77.25,28.914176250000015,26.780455416666683,996.8846895833334,1.810965659798187,88.40516699597669,9.109020141,0
2025-07-24,28.5,77.25,31.583344583333357,26.32730666666669,995.2898458333334,2.316050774055665,74.50286486061782,0.4191398564,1
2025-07-25,28.5,77.25,32.09977458333336,26.89857250000003,995.2925770833334,2.6350865622990383,74.85487263685847,2.42948530406,1
2025-07-26,28.5,77.25,31.351181666666687,26.956333333333358,996.4436999999999,0.9107024293866027,78.19966734373428,2.3713111739,1
2025-07-27,28.5,77.25,31.325680416666685,26.99959666666669,996.3376520833334,2.445851146702731,78.33234565500629,3.2644271847599997,1
2025-07-28,28.5,77.25,30.797223750000015,27.360210833333365,996.8969208333333,1.222469907546362,82.4625194352471,4.2600631878,1
2025-07-29,28.5,77.25,28.590064583333355,26.753978750000027,997.8615041666667,1.7060082726065111,89.9330983313414,12.307167143000001,1
2025-07-30,28.5,77.25,28.120375833333355,26.854289166666685,998.52205625,2.138902206883786,92.95884071601306,8.111000038,1
2025-07-31,28.5,77.25,27.07778541666669,26.351546666666692,999.3626604166666,1.8572896620730728,95.83481201481023,35.437107055,1
2025-08-01,28.5,77.25,29.15792458333335,26.352021250000018,1000.2500249999999,2.1757478531713796,85.25931080546651,2.5057792959,1
2025-08-02,28.5,77.25,29.55441500000002,26.427121666666682,1000.7979708333334,2.942118535773512,83.82934862662563,4.501342843,1
2025-08-03,28.5,77.25,30.11096416666669,26.634494583333353,1001.6508583333334,2.893690355840697,82.12126066027686,2.75182722406,1
2025-08-04,28.5,77.25,29.039000416666685,26.475099166666684,1002.689925,2.1016641998270633,86.26688786947507,9.290695133,1
2025-08-05,28.5,77.25,29.18464083333336,25.957325000000022,1003.1990375,2.029738684386533,82.99494145445182,2.3903846959,0
2025-08-06,28.5,77.25,30.003170833333353,25.600633750000025,1003.569375,2.1152843159617203,77.65547109310793,0.28800964678,0
2025-08-07,28.5,77.25,31.312840833333354,25.248482500000023,1001.97861875,3.58150320236803,70.70838747958335,0.0672340389,1
2025-08-08,28.5,77.25,30.74748333333336,25.841238333333365,1003.7284104166666,2.2833271552670706,75.87832647090603,1.61361697916,1
2025-08-09,28.5,77.25,26.899057500000023,25.526132083333355,1005.3782833333333,2.2292973642259137,92.24443129649109,35.392284603,1
2025-08-10,28.5,77.25,29.69777041666669,26.019437083333354,1003.5439791666666,2.178778122504618,81.02982761564871,2.5382041710000003,1
2025-08-11,28.5,77.25,29.632454583333356,26.374564583333353,1002.6532333333333,1.796598559509387,83.24166894990623,6.8998336576999995,0
2025-08-12,28.5,77.25,30.261321666666685,26.401852083333356,1001.7725791666667,2.063807767947657,80.43364498220986,0.13828277696000002,1
2025-08-13,28.5,77.25,30.93937041666669,26.399172916666686,1001.4693208333333,2.024113643359055,77.52386640884053,1.103878017,1
2025-08-14,28.5,77.25,27.591312500000026,26.419422500000024,1004.4038333333333,1.797372973139776,93.38354981620178,10.22338866276,1
2025-08-15,28.5,77.25,29.06364291666669,27.13163166666668,1002.3485125000001,1.3761372631632292,89.53449419955156,4.678249338660001,1
2025-08-16,28.5,77.25,30.163298333333355,27.365191250000024,1001.2563291666667,1.8292009713148334,85.3380357412836,1.8324852086,1
2025-08-17,28.5,77.25,29.54645750000002,27.09583416666669,1002.6344791666667,2.6794088507917877,86.94292727980955,2.71129608742,1
2025-08-18,28.5,77.25,30.075178333333355,26.84926875000002,1003.57114375,3.0431267419519075,83.31441178055051,2.4180412135,0
2025-08-19,28.5,77.25,30.43862708333336,26.530907916666692,1002.3316208333334,2.7927266885223054,80.16780496999641,0.4081726066,1
2025-08-20,28.5,77.25,30.295166666666688,26.419030416666697,1002.0390604166668,3.088582478532819,80.34551640628291,2.1300315743000002,1
2025-08-21,28.5,77.25,30.16879083333335,26.744095416666685,1001.3233791666667,2.232521662530341,82.40133048765314,5.3315162546,1
2025-08-22,28.5,77.25,29.937533750000018,26.659519166666694,999.4405416666667,1.6525867294416712,82.91619486324988,2.2349357677999997,1
2025-08-23,28.5,77.25,28.58437833333336,26.222980833333356,999.9568520833333,1.7201504416225477,87.26947427382932,13.234615462599999,1
2025-08-24,28.5,77.25,28.324222083333353,26.093787916666695,1000.5211270833333,2.680498092492685,87.988878438904,18.866538969,1
2025-08-25,28.5,77.25,27.570108333333355,26.079637916666684,1000.09674375,4.257873251873865,91.74811429351712,13.843059460000001,1
2025-08-26,28.5,77.25,28.194070416666687,26.342126250000025,1002.7583104166666,3.4196413025749837,89.9110080159386,6.5646171636,1
2025-08-27,28.5,77.25,29.32805625000002,26.74721416666669,1002.4775791666667,1.853234341105588,86.42608211527761,6.4778328009,1
2025-08-28,28.5,77.25,29.765958333333362,26.97722625000002,1001.8628375,2.22034091060585,85.44134218861888,1.15776062296,1
2025-08-29,28.5,77.25,28.14345166666668,26.445638333333353,1003.8719020833333,3.5988658580916097,90.70430866611942,7.0543289403000005,1
2025-08-30,28.5,77.25,29.599553750000023,26.84686916666669,1004.3815666666666,2.7241894195927077,85.4810057869057,1.9760131888999999,1
2025-08-31,28.5,77.25,26.836873333333358,25.454161250000023,1002.07323125,2.7436953624407505,92.22926119352336,40.339469789999995,1
2025-09-01,28.5,77.25,26.071500833333356,25.540540416666687,999.2577124999999,4.342985296327826,96.97014897680286,39.7176743,1
2025-09-02,28.5,77.25,26.518035000000015,25.831860000000024,1001.6685770833333,3.870266739328802,96.07524989931893,24.243354726,1
2025-09-03,28.5,77.25,26.894607500000017,25.63318833333335,1004.0525291666667,2.205444739743426,92.9960107560914,16.569137491659998,1
2025-09-04,28.5,77.25,28.597839583333354,26.087647500000013,1003.9120270833333,2.3034664245842698,86.80304842288926,7.159233056100001,1
2025-09-05,28.5,77.25,28.23757041666669,25.91179041666668,1004.1996062499999,4.523716693445327,87.50857398688238,8.95214077842,1
2025-09-06,28.5,77.25,28.697166666666693,26.313275833333353,1004.5724770833334,3.4751853866162157,87.38255050810689,9.91821285832,1
2025-09-07,28.5,77.25,28.858538333333353,26.17278166666669,1004.2029145833334,2.3741267893547042,86.01759005086102,8.700847571999999,1
2025-09-08,28.5,77.25,29.98027541666669,25.996942916666693,1005.5715354166667,1.8572042772516844,80.12414759711997,4.17184834732,0
2025-09-09,28.5,77.25,30.413606250000026,25.583121666666685,1006.5172625,2.967906231694966,76.07957087339665,0.6051063553,0
2025-09-10,28.5,77.25,30.16806875000002,24.596602916666694,1005.3059895833334,4.890234506409714,72.7302054517505,0.02145767232,0
2025-09-11,28.5,77.25,29.579351250000027,24.039155000000033,1005.42070625,3.632227362281553,72.9080978121252,0.0019073486,0
2025-09-12,28.5,77.25,29.739754583333355,24.567382083333356,1006.8651,2.633235098214412,74.43272186523537,0.0824928284,0
2025-09-13,28.5,77.25,30.476335000000024,24.87566666666669,1006.8007041666666,2.0337609871756417,72.90884114592852,0.18453598,0
2025-09-14,28.5,77.25,30.835082083333358,24.833653750000025,1005.7827666666667,2.0547925674070195,71.05844180770208,0.0619888295,0
2025-09-15,28.5,77.25,30.60967125000003,24.88941541666669,1003.9898166666667,2.461796007575018,72.5324113960478,0.0,0
2025-09-16,28.5,77.25,30.31511583333335,25.34042416666669,1004.8252833333332,1.5368482967872863,75.87254952064227,0.0767707826,0
2025-09-17,28.5,77.25,29.897395000000028,25.738174583333358,1005.1781979166667,1.38788165412104,79.45622681634683,0.9846687203600001,0
2025-09-18,28.5,77.25,29.746840416666686,26.167852916666686,1005.3644541666666,1.1583516628071728,81.85281917387361,0.44918060262,0
2025-09-19,28.5,77.25,30.245675416666682,26.104419583333357,1005.8072999999999,1.3117861158557542,79.15510202300653,0.10919570790000001,0
2025-09-20,28.5,77.25,30.323479583333356,24.457305416666685,1005.2060416666667,2.751798399779584,72.17780299498067,0.00143051146,0
2025-09-21,28.5,77.25,30.300682083333353,24.358135000000022,1004.5275291666667,2.5797262259189275,71.82924750000694,0.00047683716000000004,0
2025-09-22,28.5,77.25,30.517837500000024,23.463672916666695,1004.9928916666667,3.04545445593236,67.22747523332941,0.0,0
2025-09-23,28.5,77.25,29.824051250000025,22.31001708333335,1004.45270625,3.2456266257813744,65.62415481795732,0.0,0
2025-09-24,28.5,77.25,29.289499583333356,22.003967083333354,1003.2092187499999,3.28964875721306,66.78051701044085,0.0,0
2025-09-25,28.5,77.25,29.422270000000015,22.60129041666669,1004.5191666666666,2.775666570175172,68.49740885354534,0.0,0
2025-09-26,28.5,77.25,29.960805416666684,23.39056666666669,1005.7431208333333,2.6825824079913327,69.43651852809043,0.0,0
2025-09-27,28.5,77.25,30.79985000000002,25.02340375000003,1007.2208520833333,1.5148653854448455,72.56009428518725,0.0,0
2025-09-28,28.5,77.25,31.496489583333357,25.388573333333355,1006.11361875,2.8761144343627465,71.0718588112993,0.0619888296,1
2025-09-29,28.5,77.25,31.12972208333336,25.63102041666669,1004.3894770833334,1.9110609654425417,73.47058611694054,6.075382181459999,0
2025-09-30,28.5,77.25,27.805325416666687,24.876243750000018,1003.7783604166666,1.656443275514161,84.375689340041,0.6737709092599999,1
2025-10-01,28.5,77.25,28.652884166666684,24.363804166666686,1003.8336729166667,1.0281574067031396,78.53781544465163,3.74221803816,1
2025-10-02,28.5,77.25,28.188545833333354,25.01156958333336,1008.15419375,2.0282457315161024,83.61405455440799,9.7141265833,0
2025-10-03,28.5,77.25,28.69625750000002,24.822403750000024,1009.8429666666666,1.6440873023394544,80.41115319937931,0.084400178,0
2025-10-04,28.5,77.25,28.58612750000002,23.40324041666669,1006.9883604166666,2.248160883923161,74.64001712357246,0.1091957078,0
2025-10-05,28.5,77.25,28.48679666666669,23.19592666666669,1006.9539812500001,2.2069948254603897,73.93012636872139,0.36048889186,1
2025-10-06,28.5,77.25,23.68164791666669,21.879629166666685,1009.32981875,1.9656053676941754,90.09905486577826,24.065494406,1
2025-10-07,28.5,77.25,23.094496250000024,21.417597916666693,1010.0177645833334,1.6763667147064212,90.57235149974268,11.7392538104,1
2025-10-08,28.5,77.25,23.77147750000002,21.09348250000002,1011.9271604166667,1.9333048503957528,85.44913394973317,1.13296508546,0
2025-10-09,28.5,77.25,24.331789583333357,19.565068333333357,1012.8470791666667,2.492927840585399,75.79231638612728,0.09298324630000002,0
2025-10-10,28.5,77.25,24.06875458333336,18.879502500000026,1011.7329145833334,1.8343302211406334,74.28837442938797,0.0,0
2025-10-11,28.5,77.25,24.475591250000022,19.218298750000024,1011.5134395833334,2.0104045096408334,73.82816227062564,0.0,0
2025-10-12,28.5,77.25,24.843279583333356,19.21779750000002,1011.2665375,2.1978874739533842,72.59495342341397,0.0,0
2025-10-13,28.5,77.25,24.85631333333336,19.005774583333356,1012.0284333333334,1.6684950369253577,72.09802275923744,0.0,0
2025-10-14,28.5,77.25,24.62290500000003,18.293879583333357,1010.9628895833333,1.3147974833455616,70.29895639106392,0.0,0
2025-10-15,28.5,77.25,24.657925416666686,18.39819291666669,1011.0404104166668,1.300879500910786,70.91417712682751,0.0,0
2025-10-16,28.5,77.25,24.829530833333354,18.584741250000025,1011.2902166666667,1.5091128810507486,70.45727849774683,0.0,0
2025-10-17,28.5,77.25,25.26168583333336,19.833240000000025,1012.2365895833333,1.5482451282620546,73.87714033604856,0.0,0
2025-10-18,28.5,77.25,25.336409166666687,20.746902500000026,1011.4709666666666,1.2272002677184857,77.42697565457831,0.0,0
2025-10-19,28.5,77.25,25.629907916666685,20.891038750000032,1010.9493208333333,1.3362036144878486,76.77999027304095,0.00715255746,0
2025-10-20,28.5,77.25,26.36342541666669,20.746048750000018,1011.6986666666667,1.7268535276230603,73.00719691363615,0.0033378601000000003,0
2025-10-21,28.5,77.25,25.700688333333357,22.03599166666669,1012.9127604166666,1.1248063998379292,81.51068224429939,0.17738342276,0
2025-10-22,28.5,77.25,25.134952916666695,19.84844000000002,1012.7966625,1.7522243704337612,74.67864234382442,0.0057220459,0
2025-10-23,28.5,77.25,24.186537083333352,17.558218750000023,1012.3679916666666,2.1091956915286585,68.97470410461383,0.0,0
2025-10-24,28.5,77.25,23.601809583333353,17.274550000000026,1011.9513499999999,1.4439476223138261,70.334872063061,0.0,0
2025-10-25,28.5,77.25,24.27662166666669,16.516186250000022,1011.9588520833332,1.4384802364532208,63.94522317027852,0.0,0
2025-10-26,28.5,77.25,24.42189750000003,16.34766541666669,1012.6412541666667,1.3873199004355088,62.70261965643704,0.0,0
2025-10-27,28.5,77.25,23.44758875000002,18.86011083333336,1013.8389541666667,2.224123396535282,77.01022973860587,0.2384185786,0
2025-10-28,28.5,77.25,22.024442916666686,18.493863333333362,1014.7652604166666,1.8199990007695768,81.19309108433156,0.0,0
2025-10-29,28.5,77.25,23.803256666666687,19.497731666666688,1011.9520020833334,1.515287693633,77.96677314055647,0.07677078300000001,1
2025-10-30,28.5,77.25,23.345343333333357,21.14216375000002,1011.858275,1.501086693951496,87.77832518758753,2.221107491,0
2025-10-31,28.5,77.25,24.560193333333356,21.05707541666669,1010.5040854166667,1.6281776703604498,81.7330202844622,0.08296966616,0
2025-11-01,28.5,77.25,23.71834291666669,18.19702291666669,1010.7930708333333,2.1746449866333424,72.79623347832876,0.0,0
2025-11-02,28.5,77.25,22.716521250000017,15.857857500000028,1010.73169375,2.8469356355103117,66.99253321370912,0.0,0
2025-11-03,28.5,77.25,22.260172916666694,14.340581250000021,1008.9626,2.359966900076974,62.97274270046615,0.0,0
2025-11-04,28.5,77.25,22.34137958333335,16.80771583333335,1009.3473145833333,1.8610601606475623,72.5637882560131,0.014305114859999999,0
2025-11-05,28.5,77.25,22.674655416666692,17.412253750000026,1010.0071083333333,2.2516701887886774,73.63065355400958,0.0,0
2025-11-06,28.5,77.25,19.42241583333335,9.612518333333353,1013.0567979166667,3.0017179830205767,55.35110398276794,0.0,0
2025-11-07,28.5,77.25,19.017500833333354,10.104270000000026,1014.4417916666666,2.7320626717667467,57.92915362605304,0.0,0
2025-11-08,28.5,77.25,18.47732833333335,9.468087916666695,1015.0216916666667,2.5597829143235677,58.27132596107791,0.0,0
2025-11-09,28.5,77.25,18.38147791666669,10.28173791666669,1013.486,2.6359913510844324,61.8879139464172,0.0,0
2025-11-10,28.5,77.25,18.61396916666669,10.66580166666669,1013.7665083333333,2.0303772098249766,63.46174755634373,0.0,0
2025-11-11,28.5,77.25,18.226770000000027,10.519715833333363,1014.6405208333334,2.6165071053952964,63.20000192630121,0.0,0
2025-11-12,28.5,77.25,18.085415416666695,10.888586666666692,1015.703825,2.8579599155361444,65.68130714277115,0.0,0
2025-11-13,28.5,77.25,17.916387500000017,10.547840833333355,1016.9834125000001,2.594605594102936,64.45981085263386,0.0,0
2025-11-14,28.5,77.25,17.43243333333336,10.399244166666689,1016.9213270833334,2.354814540181985,65.88291374466198,0.0,0
2025-11-15,28.5,77.25,17.377596666666687,10.314932083333362,1018.30424375,2.546327522440696,66.08757998073487,0.0,0
2025-11-16,28.5,77.25,17.177592083333355,10.010913750000023,1019.4106729166666,2.6358410581799547,65.78210847628195,0.0,0
2025-11-17,28.5,77.25,17.62349750000002,10.922411250000025,1018.8532520833334,1.7283968770541869,67.46720881869523,0.0,0
2025-11-18,28.5,77.25,17.872076666666683,12.108100416666685,1016.24875625,1.975563000260258,71.67682854372521,0.0,0
2025-11-19,28.5,77.25,18.569295833333346,13.43304750000002,1016.8300520833333,1.1563192462750431,74.32934925782675,0.0,0
2025-11-20,28.5,77.25,18.83345291666669,13.496418750000023,1017.4051083333334,1.3508293144142138,73.35449941892297,0.0,0
2025-11-21,28.5,77.25,18.700271250000018,14.390666250000026,1018.1972645833333,1.6249001157331486,78.21033834504492,0.0,0
2025-11-22,28.5,77.25,18.102803750000025,13.163418750000028,1016.381925,1.3921903384009398,75.12259235347564,0.0,0
2025-11-23,28.5,77.25,16.98583541666669,12.619212083333357,1016.9643770833333,1.9274875092965835,77.7644651896065,0.0,0
2025-11-24,28.5,77.25,16.550051666666686,11.665774166666688,1018.6354708333333,1.7864902905314874,75.47649756794591,0.0,0
2025-11-25,28.5,77.25,15.91614666666669,10.126314583333352,1017.7653645833334,2.2436687536216775,71.33659903185335,0.0,0
2025-11-26,28.5,77.25,15.826529583333356,9.840783333333354,1019.0441458333333,1.7127518372227775,70.3427938126141,0.0,0
2025-11-27,28.5,77.25,15.722867916666692,10.013683750000022,1019.6375750000001,1.6402209206276677,72.0239749853772,0.0,0
2025-11-28,28.5,77.25,16.83994791666669,10.487062083333361,1017.4666874999999,2.3073169679845895,68.6980889179896,0.0,0
2025-11-29,28.5,77.25,16.85926916666669,9.495123333333355,1015.7923708333333,2.702660449582408,63.91623487304221,0.0,0
2025-11-30,28.5,77.25,14.967612083333357,6.94049375000002,1015.1849958333333,2.8497045941371404,61.51374795409611,0.0,0
2025-12-01,28.5,77.25,14.91042958333336,8.053604166666693,1014.967525,1.7865906141344385,66.81805595938305,0.0,0
2025-12-02,28.5,77.25,16.09340958333335,10.382561250000029,1015.2856458333332,1.761376427800948,71.33265378542227,0.0,0
2025-12-03,28.5,77.25,14.265906250000022,8.00815291666669,1018.8488291666667,2.399468728341129,68.85802452446124,0.0,0
2025-12-04,28.5,77.25,13.415367500000022,6.941479166666686,1019.3609645833334,2.908765973073742,67.71131088843836,0.0,0
2025-12-05,28.5,77.25,13.895642083333355,8.19386333333336,1020.6722708333333,2.247128198291783,71.30470478083969,0.0,0
2025-12-06,28.5,77.25,15.46490541666669,7.396261666666689,1019.05890625,3.3063491018655564,60.607260040552376,0.0,0
2025-12-07,28.5,77.25,16.066740833333352,8.769787500000021,1018.3936458333333,3.154321860749338,63.61963636935738,0.0,0
2025-12-08,28.5,77.25,16.64837833333335,8.519417916666688,1018.2705479166667,3.4936161052751156,60.97683042354859,0.0,0
2025-12-09,28.5,77.25,16.453148333333356,7.977720833333365,1017.7899729166667,3.3569559037153653,59.255314101971386,0.0,0
2025-12-10,28.5,77.25,16.014236250000028,9.341070416666689,1017.8372875,2.662294436807603,67.19967466780754,0.0,0
2025-12-11,28.5,77.25,15.53371541666669,10.160365000000025,1016.33698125,2.2462702462857966,72.81603836703495,0.0,0
2025-12-12,28.5,77.25,15.32934125000002,11.135597500000019,1015.94431875,1.648879167949369,78.66157502716875,0.0,0
2025-12-13,28.5,77.25,15.93391916666669,11.99744333333336,1017.37008125,1.848234398180315,79.40217967717743,0.0,0
2025-12-14,28.5,77.25,16.001683333333357,12.23621083333335,1018.22546875,1.113802126065944,80.14354430555655,0.0,0
2025-12-15,28.5,77.25,15.244311250000031,11.24124083333335,1017.6521604166666,2.460424768477595,79.2179265750225,0.0,0
2025-12-16,28.5,77.25,15.90921375000002,10.837579583333357,1016.8224166666668,3.1925778917817005,74.14691100271378,0.0,0
2025-12-17,28.5,77.25,15.365109583333355,11.174630416666687,1018.0309375,2.7686493612957612,77.68485996506837,0.0,0
2025-12-18,28.5,77.25,14.169382083333355,11.700337916666685,1018.5151583333333,2.0442909365570348,86.10743791516046,0.0,0
2025-12-19,28.5,77.25,13.501255416666694,10.450645000000025,1015.6543791666667,2.3875599893396937,83.0111008935414,0.0,0
2025-12-20,28.5,77.25,13.137632083333356,10.450620000000024,1015.8994229166666,1.3707218917309554,84.94205753600686,0.0,0
2025-12-21,28.5,77.25,12.58029500000002,11.483975416666693,1017.9569291666667,1.8517088269395323,93.43871769756068,0.004291534400000001,0
2025-12-22,28.5,77.25,13.486008750000023,11.857198333333356,1016.8763583333333,1.0244115023575844,90.60274541365298,0.05292892396,0
2025-12-23,28.5,77.25,15.588565416666688,12.460622916666688,1015.1745583333333,3.3975742105715176,82.9216271566049,0.0,0
2025-12-24,28.5,77.25,14.300639583333359,8.962855833333363,1015.5740104166666,3.089744550437364,72.26549484551812,0.0,0
2025-12-25,28.5,77.25,13.804745833333355,9.075872916666695,1016.9912020833334,1.385595031641114,74.56123477622437,0.0,0
2025-12-26,28.5,77.25,13.615071250000023,9.255878333333358,1017.05770625,1.788372145300001,76.99014973586985,0.0,0
2025-12-27,28.5,77.25,12.782981250000022,9.639470000000024,1017.0850229166667,2.2058994521895525,82.6686707674638,0.0,0
2025-12-28,28.5,77.25,12.886479583333356,10.570546666666692,1017.7039833333333,1.7097560478854374,87.12799089692629,0.0,0
2025-12-29,28.5,77.25,12.41734708333336,10.731775833333357,1017.2638208333333,1.3321446638947605,90.27288922953237,0.0047683715,0
2025-12-30,28.5,77.25,12.248970833333361,10.000355416666691,1014.0179937500001,1.6781608037125206,87.49649214914712,0.030517578099999998,0
2025-12-31,28.5,77.25,12.549090000000021,11.300712916666688,1012.9759916666667,2.748336016955458,92.59786446520967,0.0009536743,0
2026-01-01,28.5,77.25,13.166264166666695,11.89700041666669,1015.7483874999999,2.246324025682185,92.1613511487045,0.50449371596,0
2026-01-02,28.5,77.25,13.047110416666689,10.406550000000024,1018.5789333333333,2.2441826472604816,84.59810974728468,0.027656554800000004,0
2026-01-03,28.5,77.25,11.857620000000031,9.30632666666669,1019.2071291666666,1.5123510048911635,85.10803920510223,0.0,0
2026-01-04,28.5,77.25,11.194175000000023,8.706566666666683,1020.7468833333334,1.8831736691058654,85.48935733767958,0.0,0
2026-01-05,28.5,77.25,10.963001250000024,8.757181250000022,1021.3170145833333,1.8890679017606653,87.05242962922085,0.0,0
2026-01-06,28.5,77.25,10.66470666666669,9.186600416666685,1021.7396875,2.157067576135936,90.92341878054617,0.0,0
2026-01-07,28.5,77.25,10.347008333333351,8.47639333333335,1022.6472958333334,2.119720782096043,88.66636643142628,0.0,0
2026-01-08,28.5,77.25,9.009408333333354,6.882092500000023,1022.7202874999999,1.8504963696786323,87.60428351905078,0.0009536743,0
2026-01-09,28.5,77.25,10.603877500000024,7.612256666666693,1021.1479625000001,1.6217871422833696,83.11971176921806,0.0,0
2026-01-10,28.5,77.25,11.480732500000029,7.411922083333361,1020.46200625,2.5456688047647393,78.4474493164126,0.0,0
2026-01-11,28.5,77.25,10.396999583333356,5.610940416666689,1022.0718520833334,3.0207098268259913,74.32195649554332,0.0,0
2026-01-12,28.5,77.25,10.038765000000028,5.30411541666669,1022.3330479166666,2.2582507160933294,75.25496835154397,0.0,0
2026-01-13,28.5,77.25,10.538231666666684,6.6943633333333565,1019.7287687500001,2.33654693559969,79.47798461570778,0.0,0
2026-01-14,28.5,77.25,9.479431666666686,6.155359166666685,1017.6826020833333,2.509710398419008,82.0573533968811,0.0,0
2026-01-15,28.5,77.25,9.980564166666687,7.560940000000021,1017.52104375,2.4159308352499056,86.26728035155094,0.00333786016,0
2026-01-16,28.5,77.25,12.334244583333357,8.157792083333353,1016.10545,1.8020188887474007,78.07190162196216,0.0,0
2026-01-17,28.5,77.25,13.052466250000025,9.97419125000002,1013.8459895833333,1.5204627032679197,83.88766548112024,0.0,0
2026-01-18,28.5,77.25,14.76095833333335,11.632522916666689,1012.9167458333333,1.9253291658546283,83.35689769638005,0.0,0
2026-01-19,28.5,77.25,15.120522083333357,10.68308083333335,1014.56934375,1.655932237859341,77.79210655444848,0.0,0
2026-01-20,28.5,77.25,15.448757083333357,11.179336666666691,1016.2003625000001,2.294027149425246,79.0621102671716,0.0,0
2026-01-21,28.5,77.25,14.180245833333354,9.543135833333357,1017.5805937499999,2.2702208338405097,77.16739958728203,0.0,0
2026-01-22,28.5,77.25,16.838937500000025,11.362270000000022,1015.33815,2.600307109650266,72.33832650494374,0.291824345,1
2026-01-23,28.5,77.25,13.730282500000023,12.275527916666695,1017.1528687499999,3.322251077348204,91.12771852971836,25.4273415324,0
2026-01-24,28.5,77.25,11.570402916666687,4.296685000000022,1022.1662791666666,3.4043259057015764,62.50354334168761,0.0,0
2026-01-25,28.5,77.25,10.73261875000002,6.046154583333357,1019.6246854166667,2.651695696892045,74.75930139938232,0.0,0
2026-01-26,28.5,77.25,12.674392083333354,7.521124166666685,1019.4929874999999,1.4457395508690742,73.51460479302206,0.142574315,1
2026-01-27,28.5,77.25,13.879033750000024,12.698006250000022,1017.9728145833333,2.9480314365708655,92.73767970620735,35.8920095206,0
2026-01-28,28.5,77.25,13.724052916666693,11.77566375000002,1020.3004979166667,2.231073886971814,88.62635368183741,0.12731551816,0
2026-01-29,28.5,77.25,12.619440833333359,10.74464750000002,1020.1454666666667,2.4428205088520825,89.04838266072301,0.0,0
2026-01-30,28.5,77.25,13.627370416666688,10.616897083333358,1018.6033625,1.5550066422861908,83.48516714327725,0.0009536743,1
2026-01-31,28.5,77.25,13.575952083333357,11.78343541666669,1019.1628875,1.9298627783343438,89.67246774711607,5.9504509318,1
2026-02-01,28.5,77.25,16.044810416666685,13.629915833333355,1019.265475,2.0443751085749216,86.68579512050034,10.829448705799999,0
2026-02-02,28.5,77.25,14.376240416666697,12.622993333333357,1019.4807312500001,2.1226971089223805,89.92011547612175,0.0867843635,0
2026-02-03,28.5,77.25,13.957805000000024,11.4014829166667,1021.3421374999999,1.6275117337288643,85.66547882398844,0.0,0
2026-02-04,28.5,77.25,14.750840416666689,11.3359154166667,1020.9122083333333,2.543731969809525,81.46937180548348,0.0,0
2026-02-05,28.5,77.25,15.273723333333352,10.155567083333358,1019.7344333333334,2.9660781038671113,73.68028106586449,0.0,0
2026-02-06,28.5,77.25,16.301324583333365,10.554533750000024,1018.3550541666667,3.3495486110449986,70.89205535307177,0.0,0
2026-02-07,28.5,77.25,17.309551666666692,12.157680833333357,1016.0397333333334,3.489426636562836,73.56058818121791,0.0,0
2026-02-08,28.5,77.25,15.417272500000024,9.932212083333354,1015.1390645833334,2.8763538285433268,72.65772347358244,0.0,0
2026-02-09,28.5,77.25,15.742172083333353,10.84038791666669,1015.3346625,1.5898732561557587,75.01469512573973,0.0,0
2026-02-10,28.5,77.25,17.991754166666688,13.402840833333356,1016.7260166666666,1.7560350977812433,76.49759975146013,0.0,0
2026-02-11,28.5,77.25,18.136922500000026,13.09547083333336,1018.7083875,2.4323968619313816,74.68165811723524,0.0,0
2026-02-12,28.5,77.25,16.626105833333355,11.124638333333358,1017.4068000000001,2.951071193951518,72.74929996159943,0.0,0
2026-02-13,28.5,77.25,17.06564791666669,11.120325833333354,1015.7209291666667,2.1455534841375647,71.31326883795877,0.0,0
2026-02-14,28.5,77.25,17.34848208333336,12.191745416666686,1014.35239375,2.6749519373424078,74.86303561480196,0.0,0
2026-02-15,28.5,77.25,18.602647083333355,13.160818750000018,1013.7605770833334,2.410225739932102,73.67040288518257,0.0,0
2026-02-16,28.5,77.25,19.414605416666685,13.962458333333352,1013.2145,1.7637951313429712,73.72473598901506,0.0,0
2026-02-17,28.5,77.25,20.12718583333336,14.870251666666684,1014.2131270833333,2.4779772843510064,73.88817624341503,0.0,1
2026-02-18,28.5,77.25,17.313624166666692,14.604861250000019,1016.2688291666667,1.8467648553487448,85.12839926995846,1.94311141576,0
2026-02-19,28.5,77.25,18.597887083333354,14.34700166666669,1017.2616666666667,1.632836499090872,78.59627087161873,0.00143051148,0
2026-02-20,28.5,77.25,19.762463333333358,14.78332041666669,1017.23361875,2.082444921670222,75.42048590909013,0.0,0
2026-02-21,28.5,77.25,19.42896458333335,14.712275416666692,1012.1027083333333,2.599799185560173,76.62878519064306,0.0,0
2026-02-22,28.5,77.25,20.61552541666669,14.29057791666669,1009.4466104166667,1.6909987476047033,69.64589515903562,0.0,0
2026-02-23,28.5,77.25,20.571395000000027,14.571634583333354,1010.0187229166667,1.6750631670280571,71.05613439267864,0.0,0
2026-02-24,28.5,77.25,20.229538333333355,14.202285416666683,1012.1537479166667,1.9884756776082864,71.62006472745564,0.0,0
2026-02-25,28.5,77.25,20.15011708333335,13.186812916666687,1012.6545375000001,2.252384688187582,67.34903528769075,0.0,0
2026-02-26,28.5,77.25,20.45939375000003,12.424353333333356,1009.4133645833334,2.6795805859449757,63.08106317437629,0.0,0
2026-02-27,28.5,77.25,21.61250375000003,14.423271250000028,1007.4460875,1.4385778401576141,66.63379642122568,0.0,0
2026-02-28,28.5,77.25,22.50449000000002,14.968525416666694,1007.3139312500001,2.04429772996633,66.11741006367092,0.004291534499999999,0
2026-03-01,28.5,77.25,22.095476250000022,13.556205000000022,1009.02179375,3.224672546835423,61.45458195933006,0.0,0
2026-03-02,28.5,77.25,22.610062500000023,13.69584416666669,1011.0338770833333,3.7693851761671024,59.155155970043275,0.0,0
2026-03-03,28.5,77.25,23.00161166666669,13.177790000000028,1011.3611500000001,3.883819411631485,56.839089453513886,0.0,0
2026-03-04,28.5,77.25,24.274546250000025,15.217706666666686,1011.4814354166666,3.649758222324982,59.03556563565641,0.0,0
2026-03-05,28.5,77.25,25.043880000000026,16.666782916666687,1009.1493,3.297988418254684,62.43202499657576,0.0,0
2026-03-06,28.5,77.25,24.204808333333357,17.941897083333355,1009.6553020833334,2.196634772625771,71.28713660418951,0.0,0
2026-03-07,28.5,77.25,25.170084583333352,17.842062916666688,1011.31445,1.7112862598169327,66.86935257100932,0.0,0
2026-03-08,28.5,77.25,25.637343333333362,18.486348333333353,1011.13703125,1.9084896250238614,67.91053545474918,0.0,0
2026-03-09,28.5,77.25,25.653789166666694,19.404062500000027,1011.91438125,2.23080651635934,71.13126781911053,0.0,0
2026-03-10,28.5,77.25,25.644222500000023,19.479035000000025,1013.408825,1.8420951763897406,71.3179685029344,0.0,0
2026-03-11,28.5,77.25,25.761473333333356,15.162610833333359,1010.66029375,2.430579991238063,55.06137977001765,0.0,0
2026-03-12,28.5,77.25,25.942037083333357,14.348390833333355,1007.9567729166666,2.5842678169757907,54.26116403019262,0.0,0
2026-03-13,28.5,77.25,24.595520833333364,15.499341250000017,1008.4230479166667,3.0298681181648046,59.88807956178223,0.0,0
2026-03-14,28.5,77.25,24.229074583333357,14.40215583333336,1008.0693770833333,2.2635857045569128,57.22235511240086,0.4549026616,1
2026-03-15,28.5,77.25,22.482103333333356,14.806670833333357,1008.5546604166666,4.011508798939418,63.425621308172424,2.33650210432,0
2026-03-16,28.5,77.25,23.017776666666688,13.943198333333356,1007.9068187500001,3.6178936253574636,58.38518716142639,0.0,0
2026-03-17,28.5,77.25,23.103494583333354,14.794266250000026,1008.6105229166666,1.8101868824501526,62.03704177640811,0.0,1
2026-03-18,28.5,77.25,23.769211250000023,16.893653750000023,1010.9241125,2.638701709425105,68.70320903042149,2.2449493233,1
2026-03-19,28.5,77.25,20.63733083333336,17.397232083333357,1011.4308604166666,2.4760821956789005,82.591061618476,8.4166526468,1
2026-03-20,28.5,77.25,17.638345833333357,15.830163333333353,1011.6081958333333,2.0084688794070775,89.59627265921874,13.3943557346,0
2026-03-21,28.5,77.25,20.561412083333355,15.329918750000028,1013.2606999999999,1.7092608169379568,74.22803144620497,0.0038146972,0
2026-03-22,28.5,77.25,22.62977250000002,15.567964583333358,1011.9828645833333,2.504109685325793,66.54450098146599,0.0038146973000000002,0
2026-03-23,28.5,77.25,22.091325416666688,17.144356250000016,1011.4449500000001,1.7839309475891947,74.65930961272859,0.54168700976,0
2026-03-24,28.5,77.25,23.704226250000023,16.319770000000027,1009.7758520833332,2.78372618623473,66.37601787423415,0.0,0
2026-03-25,28.5,77.25,24.858294166666692,15.646316666666692,1009.9902333333333,2.552202631645867,60.03078406390592,0.0,0
2026-03-26,28.5,77.25,26.682292083333362,16.523224166666683,1010.4940624999999,2.2296495323024996,55.9267247490586,0.0433921818,0
2026-03-27,28.5,77.25,24.65897375000002,17.227579583333355,1007.2223979166666,2.8245185232482033,65.32847679384544,0.28896331770000006,0
2026-03-28,28.5,77.25,25.98242833333336,16.968912916666685,1004.9344791666667,1.9030545083675936,59.57384533172121,0.0,0
2026-03-29,28.5,77.25,27.302532083333357,18.458287916666688,1005.6334583333334,3.0734133060656124,60.200282950802496,0.0691413873,0
2026-03-30,28.5,77.25,25.807372500000028,16.405575000000024,1008.4657020833333,2.6897718625573255,58.9965589195531,0.0,0
2026-03-31,28.5,77.25,24.88368541666669,17.280924583333352,1009.5403166666666,1.9806567639611785,65.39610295926123,0.3356933555,1
2026-04-01,28.5,77.25,26.075104583333353,17.959137916666688,1009.6309604166667,1.7573749964568164,63.17505247352117,1.2741088399999998,1
2026-04-02,28.5,77.25,28.080067500000023,17.870651250000023,1008.1941937500001,1.765313576725586,56.10072154673603,1.1000633202999999,1
2026-04-03,28.5,77.25,25.150287083333364,18.122110000000017,1009.8777875000001,3.3540804338340675,67.45595748338329,1.1086464010000001,1
2026-04-04,28.5,77.25,24.835326666666685,17.97050958333336,1008.8428395833333,1.530863162912726,67.6423683322298,1.9807815626999998,0
2026-04-05,28.5,77.25,25.150865833333352,14.520730416666693,1007.8759104166667,1.849975472710056,54.566909701834525,0.03910064716,0
2026-04-06,28.5,77.25,25.848307083333363,13.63848708333336,1008.2464791666666,2.172765667284196,49.533560017558194,0.017642974999999998,1
2026-04-07,28.5,77.25,21.296204166666687,16.116554166666685,1007.5330479166668,3.740354791145186,75.48670453213208,16.5462495192,1
2026-04-08,28.5,77.25,21.21060125000002,16.95225250000002,1009.5809958333333,2.02207171755338,78.19529129840974,1.1334419234000002,0
2026-04-09,28.5,77.25,22.84787375000002,14.029094166666688,1013.0897895833333,1.882900266394648,60.83006279366585,0.002861023,0
2026-04-10,28.5,77.25,25.14353166666669,11.977205000000026,1012.0322833333333,4.4852389412482045,46.27298523951731,0.0,0
2026-04-11,28.5,77.25,26.742502083333353,14.058074166666694,1009.5432083333334,3.1450190238327203,48.01652546021615,0.0,0
2026-04-12,28.5,77.25,26.718695833333356,13.182761666666686,1007.3989333333334,2.9409167119903796,45.786521203441076,0.0,0
2026-04-13,28.5,77.25,26.801246666666696,12.191887083333357,1008.2257583333334,3.0104381208480984,43.36630343138103,0.0,0
2026-04-14,28.5,77.25,28.625107916666693,12.224150000000021,1006.4941145833333,2.321254064165235,38.67391648976301,0.0,0
2026-04-15,28.5,77.25,29.10893416666669,12.09401041666669,1004.2095833333333,2.822147985091288,37.967603694305964,0.0,0
2026-04-16,28.5,77.25,30.863289166666686,14.295744166666687,1005.3869291666666,1.8035207117353913,39.36473540953953,0.0,0
2026-04-17,28.5,77.25,30.476859166666696,15.419341250000024,1007.0892416666667,2.5779240751425005,43.00566381926998,0.0329017636,0
2026-04-18,28.5,77.25,30.913353750000017,17.14527791666669,1005.7671645833334,2.053993290368044,46.866090284737005,0.0,0
2026-04-19,28.5,77.25,31.747156666666694,14.040450416666692,1004.526875,2.721219328323667,36.947500063209795,0.08964538600000001,0
2026-04-20,28.5,77.25,31.538970833333355,11.868252083333354,1004.5401854166666,3.133663874714975,31.9123987830062,0.0,0
2026-04-21,28.5,77.25,31.369655000000023,12.023007500000022,1003.8804916666667,3.3249614971213446,32.80502305950399,0.0,0
2026-04-22,28.5,77.25,32.27621000000002,12.65087666666669,1003.7125229166667,3.6146769647069785,32.518163253442985,0.0,0
2026-04-23,28.5,77.25,33.10597541666669,12.194675416666685,1004.1222583333333,2.9883848227952066,30.30042366467825,0.0,0
2026-04-24,28.5,77.25,33.83842166666669,15.395430416666697,1003.9018479166666,2.384672927613629,34.968908148792416,0.0,0
2026-04-25,28.5,77.25,35.05355750000002,15.262719583333357,1004.8457875,3.1321637895353316,32.463145673345736,0.074386595,0
2026-04-26,28.5,77.25,34.902935416666686,14.598018750000023,1002.16736875,3.563671245046352,31.288476674935364,0.0,0
2026-04-27,28.5,77.25,34.99672625000002,14.470755416666684,1000.3113229166667,3.064947484173197,30.76818930975358,0.33330916932,1
2026-04-28,28.5,77.25,32.21347041666669,19.03992791666669,1001.5265083333334,1.9787238197271033,47.403318412302745,3.59439852192,1
2026-04-29,28.5,77.25,30.044152500000024,18.83469166666669,1001.3545833333333,1.8819322689354738,52.83887347292551,2.1824836873,1
2026-04-30,28.5,77.25,28.23474708333336,18.628991250000016,1002.7253333333333,3.381498006371581,59.282846778086224,1.186847653,0
2026-05-01,28.5,77.25,28.948752500000023,19.76266541666669,1002.70568125,2.7642664595773354,59.48802484102794,0.0,0
2026-05-02,28.5,77.25,30.651339583333353,20.457270833333354,1000.8958333333334,2.1389178450715174,56.51202153862409,0.044822693000000004,1
2026-05-03,28.5,77.25,28.923283750000024,20.63697750000002,1003.0301020833334,4.712857129027838,62.42816969690343,1.9636154169599997,1
2026-05-04,28.5,77.25,26.40307708333337,18.92255416666669,1006.7607604166666,4.332679514335043,65.07320478281564,3.4828184992000004,1
2026-05-05,28.5,77.25,26.34103000000003,19.28704625000002,1008.986875,2.3488090303926623,66.58758671018502,4.5180320599,0
2026-05-06,28.5,77.25,28.647937500000022,17.62355541666669,1006.1591395833333,1.749168215042299,53.68039667368685,0.0,0
2026-05-07,28.5,77.25,26.583052916666684,17.998388333333352,1007.6596104166666,4.372421903664313,60.58009100887502,0.11301040450000001,0
2026-05-08,28.5,77.25,28.927171250000026,19.16186791666669,1007.60883125,3.489752312790575,57.706849170129914,0.0,0
2026-05-09,28.5,77.25,30.400377916666688,19.932567083333357,1007.43505,2.824209974947271,55.31053990150895,0.0,0
2026-05-10,28.5,77.25,31.43048916666669,20.517751250000025,1006.7119520833334,2.85058849412972,53.692015717855874,0.0,0
2026-05-11,28.5,77.25,32.25499708333336,20.868165416666695,1005.7878895833334,2.2114054309992324,52.77429985086638,0.09775161700000001,1
2026-05-12,28.5,77.25,31.987168750000023,21.04658916666669,1003.0676645833333,3.5347203831831866,54.10080046678541,1.533508313,0
2026-05-13,28.5,77.25,31.412686250000025,20.602821250000023,1001.0500708333333,2.202342096796204,54.72621142521825,0.445365906,1
2026-05-14,28.5,77.25,32.58803833333335,20.572827916666686,1000.43565,1.9539273267296473,51.953365762764484,2.1800995000000003,0
2026-05-15,28.5,77.25,32.44171833333335,19.246791250000026,1001.3750270833334,2.4848682581635413,47.80851181431445,0.586986542,0
2026-05-16,28.5,77.25,33.420630833333355,17.67934041666669,1001.9858104166666,2.793744761289487,41.045465273588185,0.0019073486,0
2026-05-17,28.5,77.25,34.95941791666669,17.173805000000016,1000.649375,3.7136149591220846,36.52964392102011,0.0,0
2026-05-18,28.5,77.25,35.62191625000003,17.708032500000023,999.1788354166666,3.3972676633895724,36.519565665066175,0.0,0
2026-05-19,28.5,77.25,36.757788750000024,14.375599166666694,1000.2041375,3.3207814957852944,27.97122964496045,0.0,0
2026-05-20,28.5,77.25,37.58620500000003,14.97799666666669,999.0531541666666,3.6325325867229536,27.301413418302474,0.0,0
2026-05-21,28.5,77.25,37.577416666666686,15.172406250000025,1000.1217687499999,4.546424157826351,27.20309327474251,0.0,0
2026-05-22,28.5,77.25,36.48104708333335,15.210228333333353,1002.2917000000001,3.0243323160826545,29.63003120026913,0.0,0
2026-05-23,28.5,77.25,35.013065416666684,16.524195833333355,1002.1561229166667,3.3694917741029164,34.74337881827833,0.0,0
2026-05-24,28.5,77.25,37.00541791666669,12.435314166666691,1001.2357020833333,3.858333713095835,24.359760492029334,0.0,0
2026-05-25,28.5,77.25,37.34187500000002,16.20919875000003,999.8736708333332,3.614836096675291,29.696386172988458,0.042915344,0
2026-05-26,28.5,77.25,35.43367041666669,12.859647083333355,1001.0424937500001,2.9529611838975653,27.69870581096335,0.0,0
2026-05-27,28.5,77.25,35.91611833333335,14.482794583333359,1000.6396895833333,3.255934087060458,30.44497873563401,0.0,0
2026-05-28,28.5,77.25,33.20169250000003,21.0069904166667,1001.5676229166667,4.059898607430568,50.826261618761926,0.814437864,1
2026-05-29,28.5,77.25,29.597950416666688,20.103143750000026,1003.9605145833333,3.852537168073193,58.21743186913367,1.21688844216,1
2026-05-30,28.5,77.25,27.90982958333336,20.15030333333336,1005.68328125,3.6110377143433054,65.0021771071281,4.5394897884,1
2026-05-31,28.5,77.25,27.07093416666669,22.083910416666686,1007.0110958333333,2.6833371232846908,75.24289422633923,6.9932937514599995,1
2026-06-01,28.5,77.25,29.48896375000002,22.15241583333336,1006.4641395833333,2.8932630538231074,65.8902526072127,2.0303726089,1
2026-06-02,28.5,77.25,30.423309583333353,22.503704166666683,1004.9877833333334,2.150605890024863,63.878250340636725,2.86388392716,0
2026-06-03,28.5,77.25,33.13563250000002,21.927908333333352,1001.0214125000001,1.3014316676175042,53.456974242789414,0.17738342615999997,1
2026-06-04,28.5,77.25,31.962863750000025,21.056608333333358,999.747475,2.188149322610915,54.92640976121853,3.5953522173,0
2026-06-05,28.5,77.25,30.19962250000002,22.34399125000002,1001.5722479166667,2.145448275199128,64.72360897679428,0.5698204033,0
2026-06-06,28.5,77.25,33.43710000000002,21.861315000000022,1001.2879958333333,2.0456380469728166,53.01772803289765,0.021457672299999998,0
2026-06-07,28.5,77.25,34.089437500000024,21.733998750000023,1000.8786020833332,2.51636572581439,50.06342124108866,0.027656555,0
2026-06-08,28.5,77.25,35.00899041666669,20.49635375000003,998.3228916666667,2.726750388027123,44.93361975461178,0.0,0
2026-06-09,28.5,77.25,36.49793750000002,17.970907916666686,996.9507270833333,3.6608489667505046,35.28069976240559,0.0,1
2026-06-10,28.5,77.25,36.50926250000003,22.199785416666685,996.74861875,3.091066733456709,45.014542123431625,1.80196763,1
2026-06-11,28.5,77.25,30.962888333333364,23.04260833333335,999.6448208333333,5.400621933048068,64.82673262573414,3.9329528724599996,0
2026-06-12,28.5,77.25,28.692142500000017,22.223490000000027,1004.34765625,4.882865573777367,68.99268162938758,0.0,1
2026-06-13,28.5,77.25,29.081907083333352,22.106007500000022,1003.8469791666666,1.5952921725560103,67.71214606027435,6.82544708,0
2026-06-14,28.5,77.25,31.90777541666669,21.52122541666669,1001.3012749999999,2.2280703617500803,55.54091055271504,0.4973411533,1
2026-06-15,28.5,77.25,30.3478854166667,21.742484583333354,1002.7083833333332,2.4162134709649727,61.8247039969173,2.789020531,1
2026-06-16,28.5,77.25,29.760512500000022,22.798106666666694,1004.09989375,1.9442529893999627,67.53590703187946,1.2702941934999998,0
2026-06-17,28.5,77.25,32.07162125000002,23.57696666666669,1003.2951333333334,2.0117564186975194,62.25338020835168,0.6718635556,0
2026-06-18,28.5,77.25,33.342349166666686,22.637784583333353,1001.99066875,2.1358927105741152,54.73228195912004,0.0009536743200000001,0
2026-06-19,28.5,77.25,33.19733333333336,22.509354166666686,1002.5634958333334,2.7038882299660503,54.609531495797235,0.08344650215999999,0
2026-06-20,28.5,77.25,33.771723333333355,22.23416208333335,1002.1850270833334,3.3298066374426427,52.32440988405088,0.0,0
2026-06-21,28.5,77.25,32.981880000000025,21.330407500000025,1001.1660645833334,3.2938752063002563,51.16769664063927,0.7157325727,0
2026-06-22,28.5,77.25,32.293845833333364,21.90352583333335,1001.4205958333333,2.927659963947906,55.73465356577395,0.411033631,1
2026-06-23,28.5,77.25,32.489220833333356,21.68837208333335,999.6067958333333,2.0400091042485924,54.75169880165569,1.6665458934,0
2026-06-24,28.5,77.25,32.30140916666668,22.03717500000002,999.9148708333333,1.9653164330066553,56.332816572135094,0.0,0
2026-06-25,28.5,77.25,33.44454916666668,23.916719166666685,1001.4061750000001,1.6217484213347173,58.4809747292602,0.2660751306,0
2026-06-26,28.5,77.25,34.72280250000002,23.985351250000022,1001.8407854166667,1.4425527204627675,54.9091933181923,0.060081481500000006,0
2026-06-27,28.5,77.25,35.57663375000002,24.43092500000002,999.8658854166666,1.6717854487035382,53.89379997434315,0.2431869484,1
2026-06-28,28.5,77.25,34.80808958333336,25.138560416666692,997.6884395833334,1.9988690916765686,58.7859521880735,1.872062664,1
2026-06-29,28.5,77.25,35.523385416666684,24.426741666666686,996.64568125,2.4286035491958233,54.23610505202874,1.9354820364999996,0
2026-06-30,28.5,77.25,34.12344833333336,24.922400416666694,997.9676249999999,3.783540346394202,60.52115416803369,0.07152557346,1
2026-07-01,28.5,77.25,30.312008750000018,26.22062458333336,999.9697666666666,2.5507727144242556,79.27003401281938,5.13982776746,1
2026-07-02,28.5,77.25,29.64909875000002,26.24974583333336,1000.4553583333333,1.649539755487389,82.34647519551983,7.875919410500001,1
2026-07-03,28.5,77.25,31.880684166666686,27.0209029166667,999.60046875,1.985173504020115,75.99353938855637,1.58452988386,1
2026-07-04,28.5,77.25,31.63970125000003,27.35805041666669,997.8040604166666,1.403475322076477,78.58226113676686,5.8617591742999995,1
2026-07-05,28.5,77.25,30.985414583333355,26.913085833333355,997.7542145833332,2.0961049450672924,79.55633974775849,6.972312995699999,1
2026-07-06,28.5,77.25,31.862760833333358,27.533923333333348,997.6596041666667,1.9657173937761252,78.45785019896837,11.179447207099999,1
2026-07-07,28.5,77.25,29.712225000000018,26.36600291666669,997.46945,1.6647312899162225,82.66839278575036,4.1208267093,1
2026-07-08,28.5,77.25,27.582418750000027,26.537315833333356,996.84450625,3.0623931309156363,94.16666098080066,54.83293596,1
2026-07-09,28.5,77.25,26.28658583333336,25.772020833333357,998.2208812499999,3.556270955186091,97.01286773956555,164.6776190255,0
2026-07-10,28.5,77.25,29.16952333333335,26.441803333333354,998.2399020833333,2.2535284695054956,86.06599611785202,0.32567978036,0
2026-07-11,28.5,77.25,32.00141875000002,26.07001083333336,996.8548458333333,1.5577483935610694,71.76550818949339,0.04243850716,0
2026-07-12,28.5,77.25,32.70695500000003,25.52446125000002,995.9052395833334,3.1407160821667177,66.1623361788978,0.0309944152,0
2026-07-13,28.5,77.25,32.947327916666694,25.07095666666669,997.3121124999999,2.857119144625024,63.63410890167331,0.0367164612,0
2026-07-14,28.5,77.25,32.84804208333335,25.297737083333356,999.6727604166666,2.309537983474519,65.40993300619694,0.2126693729,0
2026-07-15,28.5,77.25,32.770913333333354,25.26030916666669,1000.82648125,2.3144494409261296,65.37660665696943,0.026226043600000002,0
2026-07-16,28.5,77.25,33.869926666666686,26.161323750000026,1000.4899520833333,2.514738904952245,65.14328257489638,0.0028610229000000003,0
2026-07-17,28.5,77.25,33.168620833333364,26.229447083333355,1000.28138125,2.6068775353300544,67.8601424028615,0.2908706646,0
2026-07-18,28.5,77.25,32.77144208333336,25.79508583333335,999.9051604166666,2.530721968348158,67.52935420786476,0.48732758,1
2026-07-19,28.5,77.25,31.83057833333336,26.945055833333356,1000.4617937500001,1.8764018255413986,76.5061903583345,1.8439293039,1
2026-07-20,28.5,77.25,28.68303875000002,26.83494291666668,1001.3789354166666,1.888579178591552,90.0898744420481,11.5699767959,1
2026-07-21,28.5,77.25,28.146483333333354,26.508731666666687,1001.2416166666667,3.0261769867433803,90.98860851519107,22.8643417345,1
2026-07-22,28.5,77.25,29.625251666666685,26.704701250000024,1000.3338020833334,3.82610261671658,84.68797606136606,4.4493675856,1
2026-07-23,28.5,77.25,29.822347083333355,26.266484583333362,999.0738041666667,4.141509395462016,81.55067081522427,6.1445236341,1
2026-07-24,28.5,77.25,29.84022166666669,26.566285833333357,999.0919791666666,4.025159934707834,82.88776287592331,1.5749931347600001,1
2026-07-25,28.5,77.25,30.416890000000024,27.24324416666669,1001.1791125,3.2411445379289088,83.63522972998481,6.4406394812,1
2026-07-26,28.5,77.25,31.90241791666669,27.74034208333336,1000.0250208333333,1.6521203469699028,79.20672019182547,1.2154579022,1
2026-07-27,28.5,77.25,31.745571250000022,27.003853750000022,997.8210895833332,2.2452298163876727,76.93689960080162,8.41331488682,1
2026-07-28,28.5,77.25,28.026826666666683,27.010394166666696,998.6565645833333,1.4258923309322575,94.3009489944629,30.1799774304,1
2026-07-29,28.5,77.25,30.34583041666669,27.514359583333356,999.1151020833332,1.245508336224295,85.25089728885887,5.0921439579,0
2026-07-30,28.5,77.25,30.717198333333357,27.03617458333335,998.5570041666666,2.885741490690123,81.24176388984596,0.2737045293,1
2026-07-31,28.5,77.25,30.539989583333362,26.371979166666687,999.1440354166666,4.63423025336652,78.75767495518606,2.3746490469,1
2026-08-01,28.5,77.25,30.24720125000003,26.97286541666669,998.9558895833334,3.5747808764061078,82.93860075115633,6.6900253446199995,1
2026-08-02,28.5,77.25,30.89584041666669,27.63880500000002,999.8448916666666,2.93399083604456,83.36166676993368,3.7827491483,1
2026-08-03,28.5,77.25,30.503114583333353,27.844715833333357,1000.7228416666667,2.625741957600365,86.06698257532689,13.7372015957,1
2026-08-04,28.5,77.25,28.16556541666669,27.32480750000002,1001.1840333333333,1.2927314366654283,95.26585622166517,38.4140013764,1
2026-08-05,28.5,77.25,29.25040375000002,27.47394541666669,998.8046916666667,1.3272961078801626,90.49975678650219,12.728214194,1
2026-08-06,28.5,77.25,27.248507500000017,26.37557166666669,999.93825625,1.8703545757594373,95.0399722011609,24.663448354,1
2026-08-07,28.5,77.25,27.520945000000026,26.539885000000016,999.4771125000001,2.9588345778035166,94.48620553821355,29.78801722,1
2026-08-08,28.5,77.25,29.44525625000003,27.24414708333336,1000.7083895833333,3.349735019077638,88.26087395716041,2.12287899322,1
2026-08-09,28.5,77.25,31.204497916666686,27.367779583333355,1001.1372104166667,2.043183487811237,80.80271796611238,1.02090835516,1
2026-08-10,28.5,77.25,29.809811250000024,27.364942083333357,1000.6943708333333,2.1187209273398864,87.07572324111437,4.7826767421,1
2026-08-11,28.5,77.25,28.848655000000026,27.38440583333336,1001.3738541666667,2.0757332567041793,91.97258705370602,9.065151202600001,0
2026-08-12,28.5,77.25,31.31653041666669,26.918287083333354,1001.79835625,1.084914364185764,78.59207024714036,0.1468658441,1
2026-08-13,28.5,77.25,31.027889166666693,27.738680416666693,1001.2265916666666,2.1406611214549565,83.12868108362058,2.7103424124999997,1
2026-08-14,28.5,77.25,28.78157333333336,26.950734583333357,1002.2220041666666,1.4840672524269147,90.03459423569036,5.66434851,1
2026-08-15,28.5,77.25,30.43050166666669,27.66971625000002,1001.5691395833334,1.8909225576897988,85.77425023398473,3.5300254884,1
2026-08-16,28.5,77.25,30.552800416666685,26.626624166666687,1000.4811479166666,2.911740408615646,79.93074780053045,1.8033981272,0
2026-08-17,28.5,77.25,30.72761041666669,26.27972625000002,1001.5603645833334,2.3987998794847023,77.58623523909901,0.6651878327,1
2026-08-18,28.5,77.25,30.311729583333356,26.31822791666669,1002.7220333333333,1.7379100672173007,79.8413412151353,2.1438598459000002,0
2026-08-19,28.5,77.25,31.02216750000002,26.667843333333355,1003.3731229166666,1.4489649434637817,78.54915440049353,0.1745223993,0
2026-08-20,28.5,77.25,30.611964166666684,27.257384583333362,1003.1015645833332,1.4409049304308281,82.83911788370524,0.8053779692599999,1
2026-08-21,28.5,77.25,31.222903333333353,27.14502625000003,1001.7189791666666,2.488905305311453,79.61336809497962,1.11150742046,1
2026-08-22,28.5,77.25,30.458900416666694,26.533815833333353,1002.0859354166668,2.3977684786133717,80.42875653048861,1.30558015276,1
2026-08-23,28.5,77.25,30.078803333333354,26.68260208333336,1003.0998500000001,2.017587578366425,82.64538055302914,1.19543075696,0
2026-08-24,28.5,77.25,29.550951250000022,26.885872916666685,1003.2582854166667,1.3403420937255561,86.20233604030857,0.96988678596,1
2026-08-25,28.5,77.25,29.03324125000002,26.86477666666669,1003.5810979166666,1.0391264598816672,88.57463157685153,1.1129379205,0
2026-08-26,28.5,77.25,30.230893333333356,27.53546458333336,1002.2651312500001,1.5388091075927195,85.95519371811348,0.6093978793,0
2026-08-27,28.5,77.25,30.149940833333357,26.77853083333336,1001.2850812500001,1.6925283069290156,82.82224744062572,0.24032592930000002,0
2026-08-28,28.5,77.25,30.960611666666694,25.29490625000002,1001.0189333333333,2.4387645189817078,72.5527163286638,0.0095367429,0
2026-08-29,28.5,77.25,31.356044166666692,24.344395416666686,1000.7058833333334,3.613056556813598,66.63551614170653,0.0,0
2026-08-30,28.5,77.25,30.609665833333363,24.280361250000027,1001.829425,2.5807747724118104,69.24915758671537,0.0009536743,0
2026-08-31,28.5,77.25,30.696905000000026,24.166198750000024,1001.9593770833334,2.6491268210458743,68.6214855336052,0.27132034359999996,0
2026-09-01,28.5,77.25,30.06510166666669,24.68612083333336,1004.0535125,1.6753037276246685,74.25124603213261,0.2012252816,1
2026-09-02,28.5,77.25,28.718926250000024,26.185621250000025,1004.4631479166666,1.6730757125764848,86.5845473944867,1.5993117797,1
2026-09-03,28.5,77.25,28.60269625000002,26.57599541666669,1003.8827395833333,1.8718590399814892,88.96063039033788,8.1081390956,1
2026-09-04,28.5,77.25,27.552798750000033,26.416824166666697,1005.2748458333334,2.0620821831348497,93.66805368889374,12.966632784,1
2026-09-05,28.5,77.25,26.027776250000027,25.68627208333336,1006.5453958333334,1.925415227429218,98.00536774895903,8.2798003903,1
